"species","stat.abund_max","stat.no_sites_abund_max","stat.no_sites_abund","stat.no_sites_abund_over25","stat.abund_median","stat.abund_mean","stat.no_sites_recorded","SELECTION"
"Abies alba Miller",62.5,1,10,1,0.5,8.65,10,"all"
"Aceras anthropophorum (L.) Aiton fil.",0.5,1,1,0,0.5,0.5,1,"all"
"Acer campestre L., 1753",3,1,3,0,0.5,1.33333333333333,3,"all"
"Acer platanoides L.",0.5,1,1,0,0.5,0.5,1,"all"
"Acer pseudoplatanus L.",87.5,2,33,3,3,10.5757575757576,33,"all"
"Achillea collina Reichb.",3,1,8,0,0.5,0.8125,8,"all"
"Achillea erba-rotta All.",0.5,1,1,0,0.5,0.5,1,"all"
"Achillea erba-rotta All. ""herba-rotta"" var. ambigua Heimerl (b.)",0.5,1,1,0,0.5,0.5,1,"all"
"Achillea erba-rotta All. subsp. moschata (Wulfen) Vaccari",15,2,9,0,0.5,4.27777777777778,9,"all"
"Achillea macrophylla L.",3,1,1,0,3,3,1,"all"
"Achillea millefolium L.",15,4,61,0,0.5,2.27049180327869,62,"all"
"Achillea millefolium L. subsp. millefolium",15,3,15,0,3,4.73333333333333,15,"all"
"Achillea nana L.",3,1,1,0,3,3,1,"all"
"Achillea nobilis L.",15,3,13,0,0.5,4.42307692307692,13,"all"
"Achillea roseo-alba Ehrend.",3,1,1,0,3,3,1,"all"
"Achnatherum calamagrostis (L.) P. Beauv.",37.5,1,3,1,3,14.5,3,"all"
"Acinos alpinus (L.) Moench subsp. alpinus",3,1,19,0,0.5,0.631578947368421,20,"all"
"Acinos arvensis (Lam.) Dandy",15,1,14,0,0.5,1.71428571428571,14,"all"
"Aconitum lycoctonum L.",0.5,1,1,0,0.5,0.5,1,"all"
"Aconitum lycoctonum L. subsp. neapolitanum (Ten.) Nyman",0.5,3,3,0,0.5,0.5,3,"all"
"Actaea spicata L.",0.5,2,2,0,0.5,0.5,2,"all"
"Adenostyles alliariae (Gouan) Kerner",37.5,1,1,1,37.5,37.5,1,"all"
"Adoxa moschatellina L.",0.5,1,1,0,0.5,0.5,1,"all"
"Aegopodium podagraria L.",62.5,1,13,1,0.5,7.15384615384615,13,"all"
"Agrimonia eupatoria L.",3,3,16,0,0.5,0.96875,16,"all"
"Agrostis agrostiflora (G. Beck) Rauschert",37.5,1,16,1,3,6.46875,16,"all"
"Agrostis alpina Scop.",3,4,5,0,3,2.5,5,"all"
"Agrostis canina L.",3,1,1,0,3,3,1,"all"
"Agrostis capillaris L.",37.5,10,51,10,3,11.6666666666667,51,"all"
"Agrostis capillaris L. subsp. capillaris",15,1,3,0,0.5,5.33333333333333,3,"all"
"Agrostis gigantea Roth",37.5,1,1,1,37.5,37.5,1,"all"
"Agrostis rupestris All.",37.5,1,29,1,0.5,4.70689655172414,29,"all"
"Agrostis stolonifera L.",37.5,3,42,3,3,6.86904761904762,42,"all"
"Ajuga chamaepitys (L.) Schreber",0.5,2,2,0,0.5,0.5,2,"all"
"Ajuga pyramidalis L.",0.5,8,8,0,0.5,0.5,8,"all"
"Ajuga reptans L.",15,1,23,0,0.5,1.56521739130435,23,"all"
"Alchemilla alpigena Buser",0.5,2,2,0,0.5,0.5,2,"all"
"Alchemilla alpina L.",0.5,2,2,0,0.5,0.5,2,"all"
"Alchemilla conjuncta Bab.",15,1,2,0,9,9,2,"all"
"Alchemilla coriacea Buser",0.5,9,9,0,0.5,0.5,9,"all"
"Alchemilla fissa G.nther & Schummel",3,1,4,0,0.5,1.125,4,"all"
"Alchemilla glabra Neygenf., non Poiret",3,1,10,0,0.5,0.75,10,"all"
"Alchemilla glaucescens Wallr.",0.5,4,4,0,0.5,0.5,4,"all"
"Alchemilla hybrida (L.) L., nom. ambig.",0.5,1,1,0,0.5,0.5,1,"all"
"Alchemilla monticola Opiz",37.5,1,37,1,0.5,3.21621621621622,37,"all"
"Alchemilla pentaphyllea L.",62.5,3,24,7,3,17.1458333333333,24,"all"
"Alchemilla subsericea Reuter",0.5,10,10,0,0.5,0.5,10,"all"
"Alchemilla vulgaris groupe",3,2,4,0,1.75,1.75,4,"all"
"Alchemilla xanthochlora Rothm.",37.5,1,18,1,0.5,3.5,18,"all"
"Alliaria petiolata (M. Bieb.) Cavara & Grande",0.5,1,1,0,0.5,0.5,1,"all"
"Allium oleraceum L.",0.5,3,3,0,0.5,0.5,3,"all"
"Allium schoenoprasum L.",15,1,8,0,1.75,3.25,8,"all"
"Allium sphaerocephalon L., 1753",0.5,2,2,0,0.5,0.5,2,"all"
"Allium ursinum L., 1753",62.5,1,1,1,62.5,62.5,1,"all"
"Allium vineale L.",0.5,1,1,0,0.5,0.5,1,"all"
"Alnus alnobetula (Ehrh.) C. Koch subsp. alnobetula",87.5,1,21,6,15,20.952380952381,21,"all"
"Alnus glutinosa (L.) Gaertn.",62.5,1,1,1,62.5,62.5,1,"all"
"Alnus incana (L.) Moench",62.5,1,16,4,3,13.59375,16,"all"
"Alnus viridis (Chaix) DC.",3,1,1,0,3,3,1,"all"
"Alopecurus myosuroides Hudson.",0.5,1,1,0,0.5,0.5,1,"all"
"Alyssum alyssoides (L.) L.",3,2,5,0,0.5,1.5,5,"all"
"Amaranthus hybridus L.",3,1,2,0,1.75,1.75,2,"all"
"Amelanchier ovalis Medik.",0.5,3,3,0,0.5,0.5,3,"all"
"Anagallis arvensis L.",0.5,1,1,0,0.5,0.5,1,"all"
"Andromeda polifolia L.",15,2,5,0,3,6.8,5,"all"
"Androsace alpina (L.) Lam.",0.5,1,1,0,0.5,0.5,1,"all"
"Androsace obtusifolia All.",3,1,4,0,0.5,1.125,4,"all"
"Angelica sylvestris L.",3,2,11,0,0.5,0.954545454545455,11,"all"
"Angelica sylvestris L. subsp. sylvestris",15,1,1,0,15,15,1,"all"
"Antennaria carpatica subsp. helvetica (Chrtek & Pouzar) Chrtek & Pouzar",3,1,3,0,0.5,1.33333333333333,3,"all"
"Antennaria dioica (L.) Gaertner",15,1,29,0,0.5,1.43103448275862,29,"all"
"Anthemis cotula L.",0.5,1,1,0,0.5,0.5,1,"all"
"Anthericum liliago L.",0.5,2,2,0,0.5,0.5,2,"all"
"Anthoxanthum odoratum L.",37.5,2,111,2,3,4.15765765765766,111,"all"
"Anthoxanthum odoratum L. subsp. nipponicum (Honda) Tzvelev",15,8,38,0,0.5,4.21052631578947,38,"all"
"Anthoxanthum odoratum L. subsp. odoratum",15,4,16,0,0.5,4.4375,16,"all"
"Anthriscus nitida (Wahlenb.) Garcke",0.5,2,2,0,0.5,0.5,2,"all"
"Anthriscus sylvestris (L.) Hoffm. subsp. sylvestris",37.5,1,5,1,3,11.3,5,"all"
"Anthyllis vulneraria L.",15,2,32,0,0.5,2.1875,32,"all"
"Anthyllis vulneraria L. subsp. alpestris (Kit.) Ascherson & Graebner",3,1,9,0,0.5,0.777777777777778,9,"all"
"Aquilegia vulgaris L.",0.5,2,2,0,0.5,0.5,2,"all"
"Arabis alpina L.",0.5,6,6,0,0.5,0.5,6,"all"
"Arabis auriculata Lam.",0.5,3,3,0,0.5,0.5,3,"all"
"Arabis caerulea (All.) Haenke",0.5,2,2,0,0.5,0.5,2,"all"
"Arabis ciliata Clairv.",0.5,8,8,0,0.5,0.5,8,"all"
"Arabis hirsuta (L.) Scop.",0.5,8,8,0,0.5,0.5,9,"all"
"Arabis soyeri Reuter & Huet subsp. subcoriacea (Gren.) Breistr.",0.5,2,2,0,0.5,0.5,2,"all"
"Arctium lappa L.",62.5,1,5,1,3,14.4,5,"all"
"Arctostaphylos uva-ursi (L.) Sprengel",62.5,1,7,1,0.5,10.0714285714286,7,"all"
"Arenaria biflora L.",15,1,7,0,0.5,2.92857142857143,7,"all"
"Arenaria serpyllifolia L.",0.5,7,7,0,0.5,0.5,8,"all"
"Arenaria serpyllifolia L. subsp. serpyllifolia",0.5,3,3,0,0.5,0.5,3,"all"
"Armeria alpina Willd.",0.5,2,2,0,0.5,0.5,2,"all"
"Arnica montana L.",37.5,1,42,1,0.5,2.42857142857143,42,"all"
"Arrhenatherum elatius (L.) P. Beauv. ex J. & C. Presl subsp. elatius",37.5,3,30,3,3,8.56666666666667,30,"all"
"Artemisia absinthium L.",37.5,1,20,1,0.5,2.6,20,"all"
"Artemisia campestris L. subsp. campestris",15,2,21,0,3,3.30952380952381,21,"all"
"Artemisia genipi Weber",0.5,3,3,0,0.5,0.5,3,"all"
"Artemisia umbelliformis Lam.",0.5,1,1,0,0.5,0.5,1,"all"
"Artemisia vulgaris L.",15,1,4,0,1.75,4.75,4,"all"
"Arum maculatum L.",0.5,2,2,0,0.5,0.5,2,"all"
"Aruncus dioicus (Walter) Fernald",37.5,1,4,1,9,14,4,"all"
"Asarum europaeum L.",37.5,1,4,1,3,11,4,"all"
"Asperula cynanchica L.",3,3,16,0,0.5,0.96875,16,"all"
"Asplenium adiantum-nigrum L.",0.5,1,1,0,0.5,0.5,2,"all"
"Asplenium ramosum L. [1753]",3,1,6,0,0.5,0.916666666666667,6,"all"
"Asplenium ruta-muraria L.",0.5,4,4,0,0.5,0.5,4,"all"
"Asplenium ruta-muraria L. subsp. ruta-muraria",0.5,1,1,0,0.5,0.5,1,"all"
"Asplenium septentrionale (L.) Hoffm., 1795",0.5,6,6,0,0.5,0.5,6,"all"
"Asplenium trichomanes L.",NA,NA,NA,NA,NA,NA,1,"all"
"Asplenium trichomanes L. subsp. quadrivalens D.E. Meyer",15,1,4,0,0.5,4.125,4,"all"
"Asplenium x alternifolium subsp. alternifolium",0.5,1,1,0,0.5,0.5,1,"all"
"Aster alpinus L.",3,1,4,0,0.5,1.125,4,"all"
"Aster bellidiastrum (L.) Scop.",37.5,2,30,2,3,6.3,30,"all"
"Astragalus alpinus L.",3,1,5,0,0.5,1,5,"all"
"Astragalus glycyphyllos L.",0.5,1,1,0,0.5,0.5,1,"all"
"Astragalus monspessulanus L.",3,1,3,0,0.5,1.33333333333333,3,"all"
"Astragalus onobrychis L.",15,3,14,0,0.5,4.14285714285714,14,"all"
"Astragalus penduliflorus Lam.",0.5,2,2,0,0.5,0.5,2,"all"
"Astragalus sempervirens Lam.",0.5,1,1,0,0.5,0.5,1,"all"
"Astrantia major L.",15,2,21,0,0.5,2.5952380952381,21,"all"
"Astrantia minor L.",15,1,14,0,0.5,2.42857142857143,14,"all"
"Athamanta cretensis L.",0.5,1,1,0,0.5,0.5,1,"all"
"Athyrium distentifolium Tausch ex Opiz",62.5,1,7,2,3,17.4285714285714,7,"all"
"Athyrium filix-femina (L.) Roth",15,2,20,0,0.5,2.825,20,"all"
"Avena versicolor Vill. (b.)",0.5,1,1,0,0.5,0.5,1,"all"
"Avenula pubescens (Hudson) Dumort.",15,4,26,0,3,3.78846153846154,26,"all"
"Avenula versicolor (Vill.) La.nz subsp. versicolor",37.5,5,36,5,1.75,8.20833333333333,36,"all"
"Bartsia alpina L.",15,4,46,0,0.5,2.73913043478261,46,"all"
"Bellardiochloa variegata (Lam.) Kergu.len",15,1,2,0,7.75,7.75,2,"all"
"Berberis vulgaris L.",3,2,6,0,0.5,1.33333333333333,6,"all"
"Berteroa incana (L.) DC.",3,1,8,0,0.5,0.8125,8,"all"
"Betula alba L.",3,1,3,0,0.5,1.33333333333333,3,"all"
"Betula alba L. subsp. alba",3,1,2,0,1.75,1.75,2,"all"
"Betula alba L. subsp. glutinosa (Berher) Holub",0.5,1,1,0,0.5,0.5,1,"all"
"Betula pendula Roth",62.5,1,27,1,0.5,5.40740740740741,27,"all"
"Biscutella laevigata L.",15,2,19,0,0.5,2.28947368421053,19,"all"
"Blechnum spicant (L.) Roth",15,2,5,0,3,7.3,5,"all"
"Blysmus compressus (L.) Panzer ex Link",37.5,2,13,2,3,10.3076923076923,13,"all"
"Bothriochloa ischaemum (L.) Keng",15,2,7,0,0.5,5,7,"all"
"Botrychium lunaria (L.) Swartz",0.5,8,8,0,0.5,0.5,8,"all"
"Brachypodium pinnatum (L.) P. Beauv.",37.5,1,2,1,20.25,20.25,2,"all"
"Brachypodium rupestre (Host) Roemer & Schultes",62.5,5,58,15,3,15.1206896551724,59,"all"
"Brachypodium sylvaticum (Hudson) P. Beauv. subsp. sylvaticum",37.5,2,13,2,3,9,14,"all"
"Briza media L.",37.5,1,63,1,0.5,2.29365079365079,63,"all"
"Bromus benekenii (Lange) Trimen",3,1,1,0,3,3,1,"all"
"Bromus erectus Hudson",87.5,1,72,36,26.25,26.0416666666667,74,"all"
"Bromus hordeaceus L. subsp. hordeaceus",37.5,1,2,1,19,19,2,"all"
"Bromus squarrosus L.",0.5,1,1,0,0.5,0.5,1,"all"
"Bunium bulbocastanum L.",3,6,14,0,0.5,1.57142857142857,14,"all"
"Bupleurum ranunculoides L. subsp. ranunculoides",3,1,7,0,0.5,0.857142857142857,7,"all"
"Bupleurum stellatum L.",3,2,6,0,0.5,1.33333333333333,6,"all"
"Cacalia alliariae Gouan subsp. alliariae",37.5,5,14,5,15,17,14,"all"
"Cacalia alpina L.",15,1,5,0,3,4.4,5,"all"
"Cacalia leucophylla Willd.",15,1,2,0,7.75,7.75,2,"all"
"Calamagrostis epigejos (L.) Roth",0.5,1,1,0,0.5,0.5,1,"all"
"Calamagrostis varia (Schrader) Host subsp. varia",62.5,2,28,6,3,13.3571428571429,28,"all"
"Calamagrostis villosa (Chaix) J.F. Gmelin",15,1,5,0,3,4.4,5,"all"
"Calamintha grandiflora (L.) Moench",0.5,1,1,0,0.5,0.5,1,"all"
"Calluna vulgaris (L.) Hull",15,5,15,0,3,5.83333333333333,16,"all"
"Caltha palustris L.",37.5,3,27,3,0.5,5.88888888888889,27,"all"
"Calystegia sepium (L.) R. Br. subsp. sepium",37.5,1,3,1,0.5,12.8333333333333,3,"all"
"Campanula barbata L.",15,2,32,0,0.5,1.875,32,"all"
"Campanula cochleariifolia Lam.",15,1,6,0,1.75,3.75,6,"all"
"Campanula glomerata L.",3,2,16,0,0.5,0.8125,16,"all"
"Campanula glomerata L. subsp. cervicarioides (Schultes) Arcangeli",0.5,2,2,0,0.5,0.5,2,"all"
"Campanula glomerata L. subsp. glomerata",3,3,4,0,3,2.375,4,"all"
"Campanula latifolia L.",0.5,1,1,0,0.5,0.5,1,"all"
"Campanula patula L.",0.5,2,2,0,0.5,0.5,2,"all"
"Campanula persicifolia L.",0.5,2,2,0,0.5,0.5,2,"all"
"Campanula rhomboidalis L.",15,7,44,0,0.5,3.20454545454545,44,"all"
"Campanula rotundifolia L.",3,2,44,0,0.5,0.613636363636364,44,"all"
"Campanula scheuchzeri Vill. subsp. scheuchzeri",3,7,52,0,0.5,0.836538461538462,52,"all"
"Campanula spicata L.",0.5,2,2,0,0.5,0.5,2,"all"
"Campanula trachelium L.",0.5,2,2,0,0.5,0.5,2,"all"
"Capsella bursa-pastoris (L.) Medik.",15,1,4,0,0.5,4.125,4,"all"
"Cardamine amara L. subsp. amara",3,3,3,0,3,3,3,"all"
"Cardamine bellidifolia L. subsp. alpina (Willd.) B.M.G. Jones",0.5,8,8,0,0.5,0.5,8,"all"
"Cardamine impatiens L., 1753",0.5,2,2,0,0.5,0.5,2,"all"
"Cardamine pentaphyllos (L.) Crantz",3,1,3,0,0.5,1.33333333333333,3,"all"
"Cardamine resedifolia L.",0.5,18,18,0,0.5,0.5,18,"all"
"Carduus defloratus L. subsp. defloratus",15,1,32,0,0.5,1.265625,32,"all"
"Carduus nutans L.",0.5,1,1,0,0.5,0.5,1,"all"
"Carduus nutans L. subsp. nutans",0.5,3,3,0,0.5,0.5,3,"all"
"Carduus personata (L.) Jacq., 1776",0.5,2,2,0,0.5,0.5,2,"all"
"Carex acutiformis Ehrh.",15,1,2,0,7.75,7.75,2,"all"
"Carex atrata L. subsp. atrata",3,1,4,0,0.5,1.125,4,"all"
"Carex bicolor All.",15,1,3,0,0.5,5.33333333333333,3,"all"
"Carex brunnescens (Pers.) Poiret",37.5,1,1,1,37.5,37.5,1,"all"
"Carex capillaris L.",15,1,5,0,0.5,3.4,5,"all"
"Carex caryophyllea Latourr.",15,1,15,0,0.5,1.8,15,"all"
"Carex curta Good",37.5,1,14,1,0.5,6.60714285714286,14,"all"
"Carex curvula All.",0.5,1,1,0,0.5,0.5,1,"all"
"Carex curvula All. subsp. curvula",62.5,3,24,6,9,17.125,24,"all"
"Carex curvula All. subsp. rosae Gilomen",3,1,1,0,3,3,1,"all"
"Carex davalliana Sm.",37.5,4,35,4,3,8.48571428571429,35,"all"
"Carex digitata L.",15,1,4,0,1.75,4.75,4,"all"
"Carex divulsa Stokes",3,1,1,0,3,3,1,"all"
"Carex echinata Murray",37.5,6,58,6,3,6.24137931034483,58,"all"
"Carex ferruginea Scop.",37.5,1,13,1,3,7.46153846153846,13,"all"
"Carex flacca Schreber",15,4,22,0,0.5,3.70454545454545,22,"all"
"Carex flacca Schreber subsp. flacca",0.5,1,1,0,0.5,0.5,1,"all"
"Carex flava groupe",3,2,2,0,3,3,2,"all"
"Carex flava L.",15,2,20,0,0.5,2.7,20,"all"
"Carex foetida All.",37.5,6,19,6,3,15.2631578947368,19,"all"
"Carex frigida All.",37.5,2,26,2,3,6.53846153846154,26,"all"
"Carex halleriana Asso",0.5,2,2,0,0.5,0.5,2,"all"
"Carex hirta L.",3,1,1,0,3,3,1,"all"
"Carex hostiana DC.",15,1,3,0,0.5,5.33333333333333,3,"all"
"Carex lachenalii Schkuhr",3,2,2,0,3,3,2,"all"
"Carex lasiocarpa Ehrh.",15,1,1,0,15,15,1,"all"
"Carex limosa L.",62.5,1,9,6,37.5,28.5,9,"all"
"Carex liparocarpos Gaudin, 1804",3,1,4,0,0.5,1.125,4,"all"
"Carex magellanica Lam. subsp. irrigua (Wahlenb.) Hiitonen",37.5,1,5,1,15,14.2,5,"all"
"Carex maritima Gunnerus, 1772",3,1,1,0,3,3,1,"all"
"Carex microglochin Wahlenb.",37.5,2,6,2,7.75,15.25,6,"all"
"Carex montana L.",3,1,2,0,1.75,1.75,2,"all"
"Carex nigra (L.) Reichard",62.5,8,98,20,9,15.1224489795918,98,"all"
"Carex ornithopoda Willd.",0.5,4,4,0,0.5,0.5,4,"all"
"Carex ornithopoda Willd. subsp. ornithopoda",0.5,1,1,0,0.5,0.5,1,"all"
"Carex ornithopoda Willd. subsp. ornithopodioides (Hausm.) Nyman",0.5,1,1,0,0.5,0.5,1,"all"
"Carex ovalis Good.",15,4,15,0,0.5,4.7,15,"all"
"Carex pairae F.W. Schultz",0.5,2,2,0,0.5,0.5,2,"all"
"Carex pallescens L.",3,5,17,0,0.5,1.23529411764706,17,"all"
"Carex panicea L.",37.5,1,37,1,0.5,5.89189189189189,37,"all"
"Carex paniculata L.",62.5,1,12,2,3,13.625,12,"all"
"Carex parviflora Host",3,1,8,0,0.5,0.8125,8,"all"
"Carex pauciflora Lighft.",15,5,14,0,3,6.57142857142857,14,"all"
"Carex pendula Hudson",3,1,1,0,3,3,1,"all"
"Carex pilulifera L.",3,2,8,0,0.5,1.125,8,"all"
"Carex rostrata Stokes",62.5,2,48,11,3,13.0729166666667,48,"all"
"Carex sempervirens Vill. subsp. sempervirens",37.5,5,60,5,3,6.70833333333333,60,"all"
"Carex spicata Hudson",15,1,1,0,15,15,1,"all"
"Carex sylvatica Hudson",3,1,6,0,0.5,0.916666666666667,6,"all"
"Carex viridula Michaux subsp. brachyrrhyncha (Celak.) B. Schmid",15,1,6,0,3,4.16666666666667,6,"all"
"Carex viridula Michaux subsp. viridula",0.5,1,1,0,0.5,0.5,1,"all"
"Carlina acaulis L. subsp. caulescens (Lam.) Sch.bl. & Martens",3,1,19,0,0.5,0.631578947368421,19,"all"
"Carlina vulgaris L. subsp. vulgaris",0.5,1,1,0,0.5,0.5,1,"all"
"Carpinus betulus L.",3,1,2,0,1.75,1.75,2,"all"
"Carum carvi L.",15,5,20,0,0.5,4.375,20,"all"
"Castanea sativa Miller",15,1,3,0,0.5,5.33333333333333,3,"all"
"Centaurea jacea groupe",0.5,6,6,0,0.5,0.5,6,"all"
"Centaurea jacea L.",15,1,25,0,0.5,2.08,25,"all"
"Centaurea montana L.",3,1,2,0,1.75,1.75,2,"all"
"Centaurea scabiosa L.",15,3,31,0,0.5,2.62903225806452,31,"all"
"Centaurea uniflora Turra subsp. nervosa (Willd.) Bonnier & Layens",15,1,21,0,0.5,2.02380952380952,21,"all"
"Centaurea uniflora Turra subsp. uniflora",3,2,3,0,3,2.16666666666667,3,"all"
"Centranthus angustifolius (Miller) DC.",15,1,1,0,15,15,1,"all"
"Cephalanthera rubra (L.) L.C.M. Richard",0.5,1,1,0,0.5,0.5,1,"all"
"Cerastium arvense L.",0.5,1,1,0,0.5,0.5,1,"all"
"Cerastium arvense L. subsp. strictum (Koch) Gremli",0.5,27,27,0,0.5,0.5,27,"all"
"Cerastium arvense L. var. strictum Koch (b.)",3,1,7,0,0.5,0.857142857142857,7,"all"
"Cerastium cerastoides (L.) Britton",15,1,9,0,0.5,2.66666666666667,9,"all"
"Cerastium fontanum Baumg. subsp. vulgare (Hartm.) Greuter & Burdet",3,1,17,0,0.5,0.647058823529412,17,"all"
"Cerastium latifolium L.",0.5,1,1,0,0.5,0.5,1,"all"
"Cerastium pedunculatum Gaudin",0.5,1,1,0,0.5,0.5,1,"all"
"Cerastium tomentosum L.",0.5,1,1,0,0.5,0.5,1,"all"
"Cervaria rivini Gaetner",15,1,3,0,0.5,5.33333333333333,3,"all"
"Chaerophyllum aureum L.",15,3,10,0,3,5.6,10,"all"
"Chaerophyllum hirsutum L.",62.5,1,26,2,3,8.25,26,"all"
"Chaerophyllum villarsii Koch",15,5,18,0,3,5.22222222222222,18,"all"
"Chenopodium album L. subsp. album",3,1,6,0,0.5,0.916666666666667,6,"all"
"Chenopodium bonus-henricus L.",37.5,2,11,2,3,10.3181818181818,11,"all"
"Chondrilla juncea L.",3,1,1,0,3,3,1,"all"
"Cicerbita alpina (L.) Wallr.",37.5,2,8,2,9,13.6875,8,"all"
"Circaea lutetiana L., 1753",0.5,1,1,0,0.5,0.5,1,"all"
"Cirsium acaule Scop.",0.5,8,8,0,0.5,0.5,8,"all"
"Cirsium arvense (L.) Scop.",0.5,2,2,0,0.5,0.5,2,"all"
"Cirsium eriophorum (L.) Scop.",3,1,5,0,0.5,1,5,"all"
"Cirsium oleraceum (L.) Scop.",0.5,5,5,0,0.5,0.5,5,"all"
"Cirsium palustre (L.) Scop.",15,3,17,0,0.5,3.64705882352941,17,"all"
"Cirsium spinosissimum (L.) Scop.",37.5,1,23,1,0.5,4.65217391304348,23,"all"
"Cirsium vulgare (Savi) Ten. subsp. vulgare",0.5,3,3,0,0.5,0.5,3,"all"
"Clinopodium vulgare L.",3,7,20,0,0.5,1.375,21,"all"
"Coeloglossum viride (L.) Hartman",0.5,6,6,0,0.5,0.5,6,"all"
"Colchicum alpinum DC.",0.5,1,1,0,0.5,0.5,1,"all"
"Colchicum autumnale L.",3,2,14,0,0.5,0.857142857142857,14,"all"
"Convolvulus arvensis L.",15,1,9,0,0.5,2.38888888888889,9,"all"
"Cornus sanguinea L.",15,1,8,0,1.75,3.25,8,"all"
"Corylus avellana L.",15,5,17,0,3,5.35294117647059,17,"all"
"Cotoneaster integerrimus Medik.",0.5,1,1,0,0.5,0.5,1,"all"
"Cotoneaster pyrenaicus Gandoger",0.5,1,1,0,0.5,0.5,1,"all"
"Crataegus monogyna Jacq.",15,1,7,0,0.5,2.92857142857143,7,"all"
"Crepis aurea (L.) Cass.",15,1,24,0,0.5,1.52083333333333,24,"all"
"Crepis biennis L.",15,1,11,0,0.5,2.72727272727273,11,"all"
"Crepis bocconi P.D. Sell",0.5,1,1,0,0.5,0.5,1,"all"
"Crepis conyzifolia (Gouan) A. Kerner",3,4,14,0,0.5,1.21428571428571,14,"all"
"Crepis paludosa (L.) Moench",15,3,23,0,0.5,3.04347826086957,23,"all"
"Crepis pyrenaica (L.) W. Greuter",15,3,34,0,0.5,2.58823529411765,34,"all"
"Crepis setosa Haller fil.",3,1,1,0,3,3,1,"all"
"Crepis vesicaria L. subsp. taraxacifolia (Thuill.) Schinz & R. Keller",0.5,2,2,0,0.5,0.5,2,"all"
"Crocus albiflorus Kit. (b.)",0.5,1,1,0,0.5,0.5,1,"all"
"Crocus vernus (L.) Hill subsp. albiflorus (Kit.) Cesati",0.5,7,7,0,0.5,0.5,7,"all"
"Cruciata laevipes Opiz",3,2,3,0,3,2.16666666666667,3,"all"
"Cryptogramma crispa (L.) R. Br. ex Hooker",15,3,16,0,0.5,3.84375,16,"all"
"Cuscuta epithymum (L.) L.",3,1,7,0,0.5,0.857142857142857,7,"all"
"Cuscuta europaea L.",3,1,3,0,0.5,1.33333333333333,3,"all"
"Cynoglossum officinale L.",3,1,1,0,3,3,1,"all"
"Cynosurus cristatus L.",37.5,1,16,1,3,4.96875,16,"all"
"Cystopteris alpina (Lam.) Desv.",0.5,1,1,0,0.5,0.5,1,"all"
"Cystopteris fragilis (L.) Bernh.",0.5,2,2,0,0.5,0.5,2,"all"
"Dactylis glomerata L.",37.5,7,67,7,3,7.27611940298507,67,"all"
"Dactylis glomerata L. subsp. glomerata",37.5,7,30,7,3,13.35,30,"all"
"Dactylorhiza fuchsii (Druce) So., 1962",3,1,1,0,3,3,1,"all"
"Dactylorhiza incarnata (L.) So.",15,1,9,0,0.5,2.38888888888889,9,"all"
"Dactylorhiza latifolia (L.) So.",0.5,8,8,0,0.5,0.5,8,"all"
"Dactylorhiza maculata (L.) So.",3,5,14,0,0.5,1.39285714285714,14,"all"
"Dactylorhiza majalis (Reichenb.) P.F. Hunt & Summerhay",15,1,21,0,0.5,1.9047619047619,21,"all"
"Dactylorhiza sambucina (L.) So.",0.5,4,4,0,0.5,0.5,4,"all"
"Dactylorhiza traunsteineri (Saut.) So., 1962",3,1,1,0,3,3,1,"all"
"Danthonia decumbens (L.) DC.",3,1,3,0,0.5,1.33333333333333,3,"all"
"Daphne mezereum L.",0.5,5,5,0,0.5,0.5,5,"all"
"Daucus carota L.",3,2,23,0,0.5,0.717391304347826,23,"all"
"Daucus carota L. subsp. carota",15,2,12,0,3,3.95833333333333,12,"all"
"Deschampsia cespitosa (L.) P. Beauv. subsp. cespitosa",37.5,3,60,3,0.5,4.99166666666667,60,"all"
"Deschampsia flexuosa (L.) Trin.",37.5,7,77,7,3,7.90909090909091,77,"all"
"Dianthus sylvestris Wulfen subsp. sylvestris",15,2,20,0,0.5,2.2,20,"all"
"Digitalis grandiflora Miller",15,1,10,0,0.5,2.2,10,"all"
"Digitalis lutea L. subsp. lutea",0.5,6,6,0,0.5,0.5,7,"all"
"Digitaria sanguinalis (L.) Scop.",0.5,1,1,0,0.5,0.5,1,"all"
"Diphasiastrum alpinum (L.) Holub",3,1,3,0,0.5,1.33333333333333,3,"all"
"Doronicum grandiflorum Lam.",15,2,6,0,0.5,5.33333333333333,6,"all"
"Draba aizoides L.",0.5,4,4,0,0.5,0.5,4,"all"
"Draba dubia Suter",0.5,1,1,0,0.5,0.5,1,"all"
"Draba siliquosa M. Bieb.",0.5,1,1,0,0.5,0.5,1,"all"
"Drosera rotundifolia L.",37.5,1,17,1,0.5,5.11764705882353,17,"all"
"Dryas octopetala L.",15,4,9,0,0.5,6.94444444444444,9,"all"
"Dryopteris affinis (Lowe) Fraser-Jenkins",15,1,4,0,0.5,4.125,4,"all"
"Dryopteris carthusiana (Vill.) H.P. Fuchs",3,2,8,0,0.5,1.125,8,"all"
"Dryopteris dilatata (Hoffm.) A. Gray",15,1,13,0,0.5,2.19230769230769,13,"all"
"Dryopteris expansa (C. Presl) Fraser-Jenkins & Jermy",37.5,1,3,1,15,17.6666666666667,3,"all"
"Dryopteris filix-mas (L.) Schott",15,3,25,0,0.5,2.74,25,"all"
"Dryopteris villarii (Bellardi) Schinz & Thell.",15,1,2,0,7.75,7.75,2,"all"
"Echinochloa crus-galli (L.) P. Beauv.",3,1,1,0,3,3,1,"all"
"Echium vulgare L.",0.5,13,13,0,0.5,0.5,14,"all"
"Eleocharis palustris (L.) Roemer & Schultes",37.5,1,1,1,37.5,37.5,1,"all"
"Eleocharis quinqueflora (F.X. Hartmann) O. Schwarz",37.5,3,14,3,15,13.9642857142857,14,"all"
"Eleocharis uniglumis (Link) Schultes",15,1,2,0,7.75,7.75,2,"all"
"Elytrigia intermedia (Host) Nevski",62.5,1,5,1,3,16.3,5,"all"
"Elytrigia repens (L.) Desv. ex Nevski",3,1,7,0,0.5,0.857142857142857,7,"all"
"Empetrum nigrum L. subsp. hermaphroditum (Hagerup) B.cher",62.5,1,14,4,15,20.4642857142857,14,"all"
"Epilobium alpestre (Jacq.) Krocker",0.5,4,4,0,0.5,0.5,4,"all"
"Epilobium alsinifolium Vill.",15,1,11,0,3,2.95454545454545,11,"all"
"Epilobium anagallidifolium Lam.",3,1,4,0,0.5,1.125,4,"all"
"Epilobium angustifolium L.",37.5,2,29,2,0.5,4.6551724137931,29,"all"
"Epilobium collinum C.C. Gmelin",37.5,1,9,1,0.5,4.88888888888889,9,"all"
"Epilobium dodonaei Vill. subsp. fleischeri (Hochst.) Schinz & Thell.",15,1,5,0,0.5,3.9,5,"all"
"Epilobium montanum L.",3,2,18,0,0.5,0.777777777777778,18,"all"
"Epilobium nutans F.W. Schmidt",3,2,11,0,0.5,0.954545454545455,11,"all"
"Epilobium palustre L.",3,2,6,0,0.5,1.33333333333333,6,"all"
"Epilobium parviflorum Schreber",0.5,4,4,0,0.5,0.5,4,"all"
"Epipactis atrorubens (Hoffm.) Besser",0.5,5,5,0,0.5,0.5,5,"all"
"Epipactis helleborine (L.) Crantz",0.5,2,2,0,0.5,0.5,2,"all"
"Epipactis palustris (L.) Crantz",15,1,4,0,3,5.375,4,"all"
"Equisetum arvense L.",15,1,13,0,0.5,2,13,"all"
"Equisetum fluviatile L.",37.5,1,2,1,20.25,20.25,2,"all"
"Equisetum palustre L.",37.5,2,31,2,0.5,5.01612903225806,31,"all"
"Equisetum ramosissimum Desf.",15,1,2,0,7.75,7.75,2,"all"
"Equisetum sylvaticum L.",15,1,6,0,0.5,2.91666666666667,6,"all"
"Equisetum telmateia Ehrh.",0.5,2,2,0,0.5,0.5,2,"all"
"Equisetum variegatum Schleicher",37.5,1,12,1,3,7.83333333333333,12,"all"
"Eragrostis minor Host",3,1,1,0,3,3,1,"all"
"Erigeron acer L.",0.5,2,2,0,0.5,0.5,3,"all"
"Erigeron acer L. subsp. angulosus (Gaudin) Vacc.",0.5,1,1,0,0.5,0.5,1,"all"
"Erigeron alpinus L.",0.5,3,3,0,0.5,0.5,3,"all"
"Erigeron annuus (L.) Pers.",0.5,5,5,0,0.5,0.5,6,"all"
"Erigeron annuus (L.) Pers. subsp. annuus",37.5,1,2,1,19,19,2,"all"
"Erigeron gaudinii Br.gger",3,1,1,0,3,3,1,"all"
"Erigeron glabratus Bluff & Fingerh.",0.5,1,1,0,0.5,0.5,1,"all"
"Erigeron neglectus A. Kerner",0.5,1,1,0,0.5,0.5,1,"all"
"Erigeron uniflorus L.",0.5,7,7,0,0.5,0.5,7,"all"
"Eriophorum latifolium Hoppe",37.5,2,21,2,3,8.76190476190476,21,"all"
"Eriophorum polystachion L. [1753]",15,2,39,0,0.5,2.01282051282051,39,"all"
"Eriophorum scheuchzeri Hoppe",37.5,5,6,5,37.5,31.75,6,"all"
"Eriophorum vaginatum L.",37.5,3,24,3,3,8.47916666666667,24,"all"
"Erucastrum nasturtiifolium (Poiret) O.E. Schulz subsp. nasturtiifolium",3,1,3,0,0.5,1.33333333333333,3,"all"
"Eryngium campestre L.",0.5,3,3,0,0.5,0.5,3,"all"
"Eupatorium cannabinum L. subsp. cannabinum",0.5,1,1,0,0.5,0.5,1,"all"
"Euphorbia cyparissias L.",15,2,31,0,0.5,1.83870967741935,31,"all"
"Euphrasia alpina Lam.",0.5,1,1,0,0.5,0.5,1,"all"
"Euphrasia hirtella Jordan ex Reuter",3,1,1,0,3,3,1,"all"
"Euphrasia minima Jacq. ex DC., 1805",3,5,28,0,0.5,0.946428571428571,28,"all"
"Euphrasia officinalis  subsp. rostkoviana (Hayne) F.Town",3,4,16,0,0.5,1.125,16,"all"
"Euphrasia pectinata Ten.",0.5,1,1,0,0.5,0.5,1,"all"
"Euphrasia picta Wimmer",0.5,2,2,0,0.5,0.5,2,"all"
"Euphrasia salisburgensis Funck",0.5,3,3,0,0.5,0.5,3,"all"
"Euphrasia stricta D. Wolff ex J.F. Lehm.",0.5,1,1,0,0.5,0.5,1,"all"
"Evonymus europaeus L.",0.5,1,1,0,0.5,0.5,1,"all"
"Fagus sylvatica L.",62.5,1,15,2,0.5,8.73333333333333,15,"all"
"Festuca acuminata Gaudin",37.5,3,14,3,15,14.3214285714286,14,"all"
"Festuca altissima All.",0.5,2,2,0,0.5,0.5,2,"all"
"Festuca arundinacea Schreber",3,3,5,0,3,2,5,"all"
"Festuca arundinacea Schreber subsp. arundinacea",3,2,3,0,3,2.16666666666667,3,"all"
"Festuca filiformis Pourret",3,1,1,0,3,3,1,"all"
"Festuca flavescens Bellardi",62.5,1,2,1,31.5,31.5,2,"all"
"Festuca gigantea (L.) Vill.",0.5,5,5,0,0.5,0.5,5,"all"
"Festuca halleri All.",15,4,19,0,3,4.34210526315789,19,"all"
"Festuca heterophylla Lam.",0.5,1,1,0,0.5,0.5,1,"all"
"Festuca laevigata Gaudin",15,8,27,0,3,5.44444444444444,27,"all"
"Festuca laevigata Gaudin subsp. crassifolia (Gaudin) Kergu.len & Plonka",3,3,5,0,3,2,5,"all"
"Festuca marginata (Hackel) K. Richter subsp. marginata",3,1,1,0,3,3,1,"all"
"Festuca melanopsis Foggi, Gr. Rossi & M.A. Signorini",62.5,1,2,1,32.75,32.75,2,"all"
"Festuca nigrescens Lam.",62.5,1,44,4,3,8.75,44,"all"
"Festuca ovina L.",0.5,3,3,0,0.5,0.5,3,"all"
"Festuca paniculata (L.) Schinz & Thell. subsp. paniculata",62.5,2,7,2,3,20.6428571428571,7,"all"
"Festuca pratensis Hudson subsp. apennina (De Not.) Hegi",15,1,7,0,3,3.64285714285714,7,"all"
"Festuca pratensis Hudson subsp. pratensis",37.5,1,14,1,0.5,4.71428571428571,14,"all"
"Festuca quadriflora Honckeny",15,1,6,0,3,5,6,"all"
"Festuca rubra L.",15,8,35,0,3,4.81428571428571,35,"all"
"Festuca rubra L. subsp. rubra",37.5,1,3,1,15,22.5,3,"all"
"Festuca trichophylla (Gaudin) K. Richter subsp. trichophylla",37.5,1,1,1,37.5,37.5,1,"all"
"Festuca valesiaca Gaudin",37.5,8,37,8,15,15.1756756756757,38,"all"
"Festuca violacea Gaudin",62.5,1,25,8,3,15.68,25,"all"
"Filipendula ulmaria (L.) Maxim.",87.5,1,17,3,3,17.0588235294118,17,"all"
"Fourraea alpina (L.) Greuter & Burdet",0.5,1,1,0,0.5,0.5,1,"all"
"Fragaria vesca L.",15,1,32,0,0.5,1.578125,33,"all"
"Frangula alnus Miller",3,1,2,0,1.75,1.75,2,"all"
"Fraxinus excelsior L.",62.5,1,25,5,3,12.02,25,"all"
"Fumana procumbens (Dunal) Gren. & Godron",15,1,2,0,9,9,2,"all"
"Gagea fragifera (Vill.) E. Bayer & G. L.pez",0.5,1,1,0,0.5,0.5,1,"all"
"Galeopsis ladanum L.",0.5,2,2,0,0.5,0.5,2,"all"
"Galeopsis ladanum L. subsp. ladanum",0.5,1,1,0,0.5,0.5,2,"all"
"Galeopsis tetrahit L.",15,2,16,0,0.5,2.625,16,"all"
"Galinsoga quadriradiata Ruiz & Pavon",3,1,1,0,3,3,1,"all"
"Galium anisophyllon Vill.",3,1,29,0,0.5,0.586206896551724,29,"all"
"Galium aparine L.",0.5,1,1,0,0.5,0.5,1,"all"
"Galium boreale L.",0.5,1,1,0,0.5,0.5,1,"all"
"Galium lucidum All.",0.5,3,3,0,0.5,0.5,3,"all"
"Galium mollugo L.",15,6,20,0,3,5.475,20,"all"
"Galium mollugo L. subsp. erectum Syme",15,7,63,0,0.5,2.66666666666667,64,"all"
"Galium odoratum (L.) Scop.",15,2,4,0,9,8.375,4,"all"
"Galium palustre L.",3,2,7,0,0.5,1.21428571428571,7,"all"
"Galium palustre L. subsp. palustre",15,1,1,0,15,15,1,"all"
"Galium parisiense L.",0.5,1,1,0,0.5,0.5,1,"all"
"Galium pumilum Murray",0.5,23,23,0,0.5,0.5,23,"all"
"Galium rotundifolium L.",0.5,4,4,0,0.5,0.5,4,"all"
"Galium uliginosum L.",15,1,12,0,0.5,2.33333333333333,12,"all"
"Galium verum L.",3,7,20,0,0.5,1.375,20,"all"
"Galium verum L. subsp. verum",3,2,11,0,0.5,0.954545454545455,11,"all"
"Genista sagittalis L.",15,1,2,0,9,9,2,"all"
"Genista tinctoria L.",0.5,3,3,0,0.5,0.5,3,"all"
"Gentiana acaulis L.",3,2,27,0,0.5,0.685185185185185,27,"all"
"Gentiana asclepiadea L.",0.5,2,2,0,0.5,0.5,2,"all"
"Gentiana bavarica L. subsp. bavarica",3,3,10,0,0.5,1.25,10,"all"
"Gentiana brachyphylla Vill.",0.5,5,5,0,0.5,0.5,5,"all"
"Gentiana clusii Perr. & Song.",0.5,1,1,0,0.5,0.5,1,"all"
"Gentiana cruciata L.",0.5,3,3,0,0.5,0.5,3,"all"
"Gentiana lutea L.",15,1,13,0,0.5,2.19230769230769,13,"all"
"Gentiana nivalis L.",3,2,8,0,0.5,1.125,8,"all"
"Gentiana orbicularis Schur",3,1,3,0,0.5,1.33333333333333,3,"all"
"Gentiana purpurea L.",15,1,17,0,0.5,1.64705882352941,17,"all"
"Gentiana utriculosa L.",0.5,1,1,0,0.5,0.5,1,"all"
"Gentiana verna L.",0.5,13,13,0,0.5,0.5,13,"all"
"Gentianella campestris (L.) B.rner",15,2,22,0,0.5,2.04545454545455,22,"all"
"Gentianella ciliata (L.) Borckh.",0.5,1,1,0,0.5,0.5,1,"all"
"Gentianella tenella (Rottb.) B.rner",0.5,1,1,0,0.5,0.5,1,"all"
"Geranium columbinum L.",0.5,1,1,0,0.5,0.5,1,"all"
"Geranium molle L.",0.5,1,1,0,0.5,0.5,1,"all"
"Geranium phaeum L.",0.5,2,2,0,0.5,0.5,2,"all"
"Geranium pyrenaicum Burm. fil.",15,1,12,0,0.5,1.70833333333333,12,"all"
"Geranium robertianum L.",3,3,6,0,1.75,1.75,6,"all"
"Geranium robertianum L. subsp. robertianum",15,1,8,0,1.75,3.25,8,"all"
"Geranium sanguineum L.",0.5,1,1,0,0.5,0.5,1,"all"
"Geranium sylvaticum L.",37.5,4,69,4,3,6.97826086956522,69,"all"
"Geum montanum L.",37.5,1,56,1,0.5,4.25,56,"all"
"Geum reptans L.",3,2,2,0,3,3,2,"all"
"Geum rivale L.",3,1,17,0,0.5,0.647058823529412,17,"all"
"Geum urbanum L.",3,4,10,0,0.5,1.5,10,"all"
"Glechoma hederacea L.",3,1,3,0,0.5,1.33333333333333,3,"all"
"Globularia bisnagarica L.",0.5,4,4,0,0.5,0.5,4,"all"
"Globularia cordifolia L.",37.5,1,7,1,0.5,6.5,7,"all"
"Glyceria notata Chevall.",0.5,1,1,0,0.5,0.5,1,"all"
"Gnaphalium supinum L. (b.)",0.5,2,2,0,0.5,0.5,2,"all"
"Gymnadenia conopsea (L.) R. Br. in Aiton fil.",3,1,11,0,0.5,0.727272727272727,11,"all"
"Gymnadenia nigra subsp. austriaca (Teppner & E.Klein) Teppner & E.K",0.5,2,2,0,0.5,0.5,2,"all"
"Gymnadenia nigra subsp. rhellicani (Teppner & E.Klein) J.M.Tison, 2",3,2,10,0,0.5,1,10,"all"
"Gymnocarpium dryopteris (L.) Newman",3,1,5,0,0.5,1,5,"all"
"Gymnocarpium robertianum (Hoffm.) Newman",3,1,8,0,0.5,0.8125,8,"all"
"Gypsophila repens L.",15,3,13,0,0.5,4.42307692307692,13,"all"
"Hedera helix L.",15,1,7,0,0.5,3.28571428571429,7,"all"
"Hedysarum hedysaroides (L.) Schinz & Thell.",3,1,5,0,0.5,1,5,"all"
"Helianthemum nummularium (L.) Miller",15,4,43,0,0.5,2.83720930232558,44,"all"
"Helianthemum oelandicum (L.) DC. subsp. italicum (L.) Cesati",3,1,3,0,0.5,1.33333333333333,3,"all"
"Helictotrichon parlatorei (Woods) Pilger",15,1,1,0,15,15,1,"all"
"Helleborus foetidus L.",0.5,4,4,0,0.5,0.5,4,"all"
"Hepatica nobilis Schreber",15,1,5,0,0.5,3.4,5,"all"
"Heracleum sphondylium L.",15,3,20,0,0.5,2.675,20,"all"
"Heracleum sphondylium L. subsp. elegans (Crantz) Sch.bler & Martens",3,4,6,0,3,2.16666666666667,6,"all"
"Heracleum sphondylium L. subsp. sphondylium",37.5,3,10,3,1.75,12.1,10,"all"
"Hieracium alpinum L.",0.5,1,1,0,0.5,0.5,1,"all"
"Hieracium amplexicaule L.",15,1,2,0,7.75,7.75,2,"all"
"Hieracium armerioides Arvet-Touvet",0.5,2,2,0,0.5,0.5,2,"all"
"Hieracium bifidum groupe s.ries bifidum-caesioides JMT",NA,NA,NA,NA,NA,NA,1,"all"
"Hieracium glaciale Reyn.",3,1,2,0,1.75,1.75,2,"all"
"Hieracium halleri Vill.",3,2,10,0,0.5,1,10,"all"
"Hieracium humile Jacq.",0.5,1,1,0,0.5,0.5,1,"all"
"Hieracium intybaceum All.",3,3,8,0,0.5,1.4375,8,"all"
"Hieracium isatidifolium Arvet-Touvet gr.",3,1,3,0,0.5,1.33333333333333,3,"all"
"Hieracium lachenalii Suter",15,1,9,0,0.5,2.66666666666667,9,"all"
"Hieracium laggeri (Schultz Bip. ex Reichenb. fil.) F",0.5,2,2,0,0.5,0.5,2,"all"
"Hieracium murorum L.",15,1,16,0,0.5,1.5625,16,"all"
"Hieracium picroides Vill.",0.5,3,3,0,0.5,0.5,3,"all"
"Hieracium piliferum Hoppe",3,1,7,0,0.5,0.857142857142857,7,"all"
"Hieracium prenanthoides Vill.",3,2,8,0,0.5,1.125,8,"all"
"Hieracium racemosum Waldst. & Kit. ex Willd.",0.5,1,1,0,0.5,0.5,1,"all"
"Hieracium rionii Gremli",3,3,11,0,0.5,1.18181818181818,11,"all"
"Hieracium umbellatum L.",3,2,6,0,0.5,1.33333333333333,7,"all"
"Hieracium umbrosum Jord.",0.5,1,1,0,0.5,0.5,1,"all"
"Hieracium villosum Jacq.",0.5,3,3,0,0.5,0.5,3,"all"
"Hieracium virgultorum Jord.",3,1,2,0,1.75,1.75,2,"all"
"Hieracium x niphostribes Peter",0.5,2,2,0,0.5,0.5,2,"all"
"Hippocrepis comosa L.",3,1,28,0,0.5,0.589285714285714,29,"all"
"Hippopha. rhamnoides L. subsp. fluviatilis van Soest",62.5,1,1,1,62.5,62.5,1,"all"
"Holcus lanatus L.",15,2,9,0,3,4.83333333333333,9,"all"
"Holcus mollis L., 1759",15,2,2,0,15,15,2,"all"
"Homogyne alpina (L.) Cass.",15,2,67,0,0.5,1.52985074626866,67,"all"
"Hordelymus europaeus (L.) C.O. Harz",0.5,2,2,0,0.5,0.5,2,"all"
"Hordeum murinum L. subsp. murinum",37.5,1,1,1,37.5,37.5,1,"all"
"Hugueninia tanacetifolia (L.) Reichenb. subsp. tanacetifolia",37.5,1,1,1,37.5,37.5,1,"all"
"Huperzia selago (L.) Bernh. ex Schrank & Mart., 1829",15,1,7,0,0.5,2.57142857142857,7,"all"
"Hypericum maculatum Crantz subsp. maculatum",15,3,41,0,0.5,2.29268292682927,41,"all"
"Hypericum perforatum L.",3,3,31,0,0.5,0.741935483870968,31,"all"
"Hypericum tetrapterum Fries",0.5,2,2,0,0.5,0.5,2,"all"
"Hypochaeris maculata L.",15,2,8,0,0.5,4.125,8,"all"
"Hypochaeris radicata L.",3,1,6,0,0.5,0.916666666666667,6,"all"
"Hyssopus officinalis L. subsp. officinalis",3,1,1,0,3,3,1,"all"
"Ilex aquifolium L.",0.5,3,3,0,0.5,0.5,3,"all"
"Impatiens glandulifera Royle",62.5,1,3,1,0.5,21.1666666666667,3,"all"
"Impatiens noli-tangere L.",0.5,2,2,0,0.5,0.5,2,"all"
"Imperatoria ostruthium L. (b.)",37.5,4,24,4,3,9.10416666666667,24,"all"
"Inula salicina L.",3,1,2,0,1.75,1.75,2,"all"
"Iris germanica L.",0.5,1,1,0,0.5,0.5,1,"all"
"Iris pseudacorus L.",0.5,2,2,0,0.5,0.5,2,"all"
"Juglans regia L.",3,2,5,0,0.5,1.5,5,"all"
"Juncus alpinoarticulatus Chaix, 1785",15,1,1,0,15,15,1,"all"
"Juncus alpinoarticulatus Chaix subsp.alpinoarticulatus",37.5,1,29,1,3,6.37931034482759,29,"all"
"Juncus arcticus Willd.",3,1,1,0,3,3,1,"all"
"Juncus articulatus L.",15,3,11,0,0.5,4.90909090909091,11,"all"
"Juncus compressus Jacq.",37.5,1,1,1,37.5,37.5,1,"all"
"Juncus conglomeratus L.",3,1,1,0,3,3,1,"all"
"Juncus effusus L.",15,2,7,0,3,5.35714285714286,7,"all"
"Juncus filiformis L.",62.5,1,35,4,3,7.61428571428571,35,"all"
"Juncus inflexus L.",37.5,1,1,1,37.5,37.5,1,"all"
"Juncus jacquinii L.",37.5,1,10,1,1.75,6.4,10,"all"
"Juncus subnodulosus Schrank",37.5,1,1,1,37.5,37.5,1,"all"
"Juncus tenuis Willd.",0.5,1,1,0,0.5,0.5,1,"all"
"Juncus trifidus L.",15,1,16,0,1.75,2.5,16,"all"
"Juncus triglumis L.",15,1,3,0,3,6.16666666666667,3,"all"
"Juniperus communis L.",3,2,7,0,0.5,1.21428571428571,7,"all"
"Juniperus sibirica Loddiges in Burgsd.",62.5,1,39,5,3,8.75641025641026,39,"all"
"Kandis perfoliata (L.) Kergu.len",0.5,1,1,0,0.5,0.5,1,"all"
"Kernera saxatilis (L.) Sweet",3,1,3,0,0.5,1.33333333333333,3,"all"
"Knautia arvensis (L.) Coulter",37.5,1,38,1,0.5,3.40789473684211,38,"all"
"Knautia dipsacifolia Kreutzer",15,1,15,0,0.5,2.3,15,"all"
"Kobresia myosuroides (Vill.) Fiori",37.5,5,11,5,15,21.5,11,"all"
"Kobresia simpliciuscula (Wahlenb.) Mackenzie",62.5,1,4,2,26.25,28.875,4,"all"
"Koeleria macrantha groupe",3,3,5,0,3,2,5,"all"
"Koeleria pyramidata (Lam.) P. Beauv.",3,2,6,0,0.5,1.33333333333333,7,"all"
"Koeleria vallesiana (Honckeny) Gaudin",3,1,5,0,0.5,1,5,"all"
"Lactuca serriola L.",0.5,1,1,0,0.5,0.5,1,"all"
"Lamium galeobdolon (L.) L. subsp. montanum (Pers.) Hayek",15,2,9,0,3,5.38888888888889,9,"all"
"Lamium maculatum L.",3,1,3,0,0.5,1.33333333333333,3,"all"
"Lamium purpureum L.",0.5,1,1,0,0.5,0.5,1,"all"
"Lapsana communis L. subsp. communis",0.5,1,1,0,0.5,0.5,1,"all"
"Lapsana communis L. subsp. intermedia (M. Bieb.) Hayek",3,1,1,0,3,3,1,"all"
"Larix decidua Miller",87.5,1,22,5,3,16.6590909090909,22,"all"
"Laserpitium halleri Crantz",15,2,20,0,0.5,2.45,20,"all"
"Laserpitium latifolium L.",3,2,7,0,0.5,1.21428571428571,7,"all"
"Lathyrus heterophyllus L.",3,1,8,0,0.5,0.8125,8,"all"
"Lathyrus linifolius (Reichard) B.ssler",0.5,1,1,0,0.5,0.5,1,"all"
"Lathyrus occidentalis (Fisch. & C.A. Meyer) Fritsch",0.5,1,1,0,0.5,0.5,2,"all"
"Lathyrus pratensis L.",15,4,51,0,0.5,2.07843137254902,51,"all"
"Lathyrus sylvestris L.",0.5,1,1,0,0.5,0.5,1,"all"
"Lathyrus tuberosus L.",3,1,1,0,3,3,1,"all"
"Lathyrus vernus (L.) Bernh.",0.5,1,1,0,0.5,0.5,1,"all"
"Leontodon autumnalis L. subsp. autumnalis",15,2,13,0,0.5,3.5,13,"all"
"Leontodon helveticus M.rat (b.)",0.5,9,9,0,0.5,0.5,9,"all"
"Leontodon hispidus L.",37.5,1,98,1,0.5,3.88775510204082,98,"all"
"Leontodon montanus Lam.",3,1,1,0,3,3,1,"all"
"Leontodon pyrenaicus Gouan subsp. helveticus (M.rat) Finch & P.D. Sell",15,11,51,0,3,4.55882352941176,51,"all"
"Leontopodium alpinum Cass.",15,1,2,0,7.75,7.75,2,"all"
"Lepidium virginicum L.",0.5,2,2,0,0.5,0.5,2,"all"
"Leucanthemopsis alpina (L.) Heywood",15,2,41,0,0.5,1.69512195121951,41,"all"
"Leucanthemum adustum (Koch) Gremli",3,4,11,0,0.5,1.40909090909091,11,"all"
"Leucanthemum vulgare Lam.",15,5,69,0,0.5,1.91304347826087,69,"all"
"Ligustrum vulgare L.",0.5,1,1,0,0.5,0.5,1,"all"
"Lilium martagon L.",0.5,2,2,0,0.5,0.5,2,"all"
"Linaria alpina (L.) Miller subsp. alpina",3,1,11,0,0.5,0.727272727272727,11,"all"
"Linum alpinum Jacq.",0.5,2,2,0,0.5,0.5,2,"all"
"Linum catharticum L.",3,2,27,0,0.5,0.685185185185185,27,"all"
"Linum tenuifolium L.",0.5,1,1,0,0.5,0.5,1,"all"
"Listera cordata (L.) R. Br.",3,1,3,0,0.5,1.33333333333333,3,"all"
"Listera ovata (L.) R. Br.",3,1,6,0,0.5,0.916666666666667,6,"all"
"Logfia arvensis (L.) J. Holub",0.5,1,1,0,0.5,0.5,1,"all"
"Loiseleuria procumbens (L.) Desv.",15,2,7,0,3,5.71428571428571,7,"all"
"Lolium multiflorum Lam.",15,1,2,0,7.75,7.75,2,"all"
"Lolium perenne L.",15,2,8,0,1.75,4.75,8,"all"
"Lonicera alpigena L.",3,1,2,0,1.75,1.75,2,"all"
"Lonicera caerulea L.",15,1,4,0,1.75,4.75,4,"all"
"Lonicera nigra L.",0.5,2,2,0,0.5,0.5,2,"all"
"Lonicera xylosteum L.",15,3,8,0,3,7.1875,8,"all"
"Lotus alpinus (DC.) Schleicher ex Ramond",3,5,24,0,0.5,1.02083333333333,24,"all"
"Lotus corniculatus L.",37.5,2,115,2,0.5,3.25652173913043,116,"all"
"Lotus corniculatus L. var. alpinus DC. (b.)",0.5,3,3,0,0.5,0.5,3,"all"
"Lotus maritimus L.",0.5,1,1,0,0.5,0.5,1,"all"
"Lotus pedunculatus Cav.",0.5,2,2,0,0.5,0.5,2,"all"
"Luzula alpina Hoppe in Sturm",0.5,1,1,0,0.5,0.5,1,"all"
"Luzula alpinopilosa (Chaix) Breistr.",15,3,32,0,0.5,2.328125,32,"all"
"Luzula campestris (Ehrh.) Lej.",0.5,11,11,0,0.5,0.5,11,"all"
"Luzula lutea (All.) DC.",15,1,30,0,0.5,1.65,30,"all"
"Luzula multiflora (Ehrh.) Lej. subsp. multiflora",15,1,32,0,0.5,1.734375,32,"all"
"Luzula nivea (L.) DC.",15,1,10,0,1.75,2.95,10,"all"
"Luzula nutans (Vill.) Duval-Jouve",0.5,1,1,0,0.5,0.5,1,"all"
"Luzula pilosa (L.) Willd.",0.5,1,1,0,0.5,0.5,1,"all"
"Luzula sieberi Tausch",3,5,13,0,0.5,1.46153846153846,13,"all"
"Luzula spicata (L.) DC.",3,1,9,0,0.5,0.777777777777778,9,"all"
"Luzula sudetica (Willd.) DC. in Lam. & DC. [1815]",3,2,10,0,0.5,1,10,"all"
"Luzula sylvatica groupe",3,1,2,0,1.75,1.75,2,"all"
"Luzula sylvatica (Hudson) Gaudin",0.5,1,1,0,0.5,0.5,1,"all"
"Lycopodium annotinum L., 1753",3,3,8,0,0.5,1.4375,8,"all"
"Lycopodium clavatum L.",15,1,4,0,3,5.375,4,"all"
"Lysimachia nemorum L.",15,1,1,0,15,15,1,"all"
"Lysimachia nummularia L.",0.5,1,1,0,0.5,0.5,1,"all"
"Lysimachia vulgaris L.",37.5,1,2,1,26.25,26.25,2,"all"
"Lythrum salicaria L.",15,1,1,0,15,15,1,"all"
"Maianthemum bifolium (L.) F.W. Schmidt",3,5,12,0,0.5,1.54166666666667,12,"all"
"Malva alcea L.",0.5,1,1,0,0.5,0.5,1,"all"
"Malva moschata L.",0.5,3,3,0,0.5,0.5,3,"all"
"Malva sylvestris L.",3,2,2,0,3,3,2,"all"
"Matricaria discoidea DC.",3,1,3,0,0.5,1.33333333333333,3,"all"
"Matricaria perforata M.rat",0.5,1,1,0,0.5,0.5,1,"all"
"Medicago lupulina L.",37.5,2,25,2,0.5,4.24,26,"all"
"Medicago minima (L.) L.",0.5,1,1,0,0.5,0.5,2,"all"
"Medicago sativa L.",37.5,1,14,1,3,6.96428571428571,14,"all"
"Medicago x-varia T. Martyn",0.5,2,2,0,0.5,0.5,2,"all"
"Melampyrum nemorosum L.",3,1,1,0,3,3,1,"all"
"Melampyrum pratense L.",37.5,1,15,1,0.5,3.13333333333333,15,"all"
"Melampyrum sylvaticum L.",37.5,2,21,2,3,6.80952380952381,21,"all"
"Melampyrum vaudense (Ronniger) So.",3,1,1,0,3,3,1,"all"
"Melica ciliata L.",0.5,1,1,0,0.5,0.5,1,"all"
"Melica nutans L.",3,1,7,0,0.5,0.857142857142857,7,"all"
"Melica uniflora Retz.",0.5,1,1,0,0.5,0.5,1,"all"
"Melilotus albus Medik.",3,1,7,0,0.5,0.857142857142857,7,"all"
"Melilotus altissimus Thuill.",0.5,1,1,0,0.5,0.5,1,"all"
"Melilotus officinalis Lam.",0.5,2,2,0,0.5,0.5,2,"all"
"Mentha aquatica L. subsp. aquatica",15,1,2,0,9,9,2,"all"
"Mentha longifolia (L.) Hudson",37.5,2,7,2,3,11.7857142857143,7,"all"
"Menyanthes trifoliata L.",37.5,5,14,5,15,17.3571428571429,14,"all"
"Mercurialis perennis L.",37.5,1,3,1,15,18.5,3,"all"
"Meum athamanticum Jacq.",62.5,1,28,6,15,14.9464285714286,28,"all"
"Minuartia laricifolia (L.) Schinz & Thell. subsp. laricifolia",15,1,5,0,0.5,3.4,5,"all"
"Minuartia recurva (All.) Schinz & Thell. subsp. recurva",15,1,4,0,1.75,4.75,4,"all"
"Minuartia sedoides (L.) Hiern",3,2,11,0,0.5,0.954545454545455,11,"all"
"Minuartia verna (L.) Hiern",3,1,1,0,3,3,1,"all"
"Moehringia muscosa L.",0.5,1,1,0,0.5,0.5,1,"all"
"Molinia caerulea (L.) Moench",62.5,1,26,8,15,17.3269230769231,26,"all"
"Molinia caerulea (L.) Moench subsp. arundinacea (Schrank) K. Richter",62.5,2,10,3,15,21.2,10,"all"
"Molinia caerulea (L.) Moench subsp. caerulea",62.5,1,15,2,15,15,15,"all"
"Murbeckiella pinnatifida (Lam.) Rothm., 1939",3,2,9,0,0.5,1.05555555555556,9,"all"
"Muscari comosum (L.) Miller",0.5,1,1,0,0.5,0.5,1,"all"
"Mutellina adonidifolia (J. Gay) Guterm.",37.5,2,52,2,0.5,4.875,52,"all"
"Mycelis muralis (L.) Dumort.",3,3,11,0,0.5,1.18181818181818,11,"all"
"Myosotis alpestris F.W. Schmidt",15,1,22,0,0.5,1.27272727272727,22,"all"
"Myosotis arvensis Hill",0.5,10,10,0,0.5,0.5,10,"all"
"Myosotis decumbens Host",3,2,10,0,0.5,1,10,"all"
"Myosotis scorpioides L.",0.5,2,2,0,0.5,0.5,2,"all"
"Myriophyllum verticillatum L.",87.5,1,1,1,87.5,87.5,1,"all"
"Myrrhis odorata (L.) Scop.",15,1,1,0,15,15,1,"all"
"Nardus stricta L.",62.5,3,122,27,3,13.2459016393443,123,"all"
"Neotinea ustula (L.) R.M.Bateman, Pridgeon & M.W.Cha.",0.5,2,2,0,0.5,0.5,2,"all"
"Noccaea brachypetala (Jordan) F.K. Meyer",0.5,1,1,0,0.5,0.5,1,"all"
"Noccaea caerulescens (J. & C. Presl) F.K. Meyer",0.5,3,3,0,0.5,0.5,3,"all"
"Noccaea rotundifolia (L.) Moench",0.5,3,3,0,0.5,0.5,3,"all"
"Nymphaea alba L.",0.5,1,1,0,0.5,0.5,1,"all"
"Odontites lanceolatus (Gaudin) Reichenb. subsp. lanceolatus",3,1,1,0,3,3,1,"all"
"Odontites luteus (L.) Clairv.",15,1,21,0,0.5,2.14285714285714,21,"all"
"Oenanthe lachenalii C.C. Gmelin",0.5,1,1,0,0.5,0.5,1,"all"
"Omalotheca hoppeana (Koch) Schultz Bip. & F.W. Schulz",0.5,1,1,0,0.5,0.5,1,"all"
"Omalotheca norvegica (Gunn.) Schultz Bip. & F.W. Schul",0.5,1,1,0,0.5,0.5,1,"all"
"Omalotheca supina (L.) DC.",15,3,24,0,1.75,3.25,24,"all"
"Omalotheca sylvatica (L.) Schultz Bip. & F.W. Schultz",0.5,6,6,0,0.5,0.5,6,"all"
"Onobrychis montana DC.",3,2,10,0,0.5,1,10,"all"
"Onobrychis viciifolia Scop.",37.5,3,29,3,0.5,6.10344827586207,29,"all"
"Ononis natrix L. subsp. natrix",15,2,15,0,0.5,2.93333333333333,15,"all"
"Ononis pusilla L.",3,1,5,0,0.5,1,5,"all"
"Ononis repens L.",15,1,7,0,0.5,2.92857142857143,7,"all"
"Ononis spinosa L.",62.5,2,6,2,15,28.4166666666667,6,"all"
"Onopordum acanthium L.",0.5,2,2,0,0.5,0.5,2,"all"
"Ophioglossum vulgatum L.",15,1,1,0,15,15,1,"all"
"Oreopteris limbosperma (All.) Holub",0.5,2,2,0,0.5,0.5,2,"all"
"Oreoselinum nigrum Delabre",15,2,6,0,3,6.16666666666667,6,"all"
"Origanum vulgare L. subsp. vulgare",15,3,20,0,0.5,3.05,22,"all"
"Ornithogalum pyrenaicum L.",0.5,1,1,0,0.5,0.5,1,"all"
"Orobanche alba Willd.",0.5,1,1,0,0.5,0.5,1,"all"
"Orobanche caryophyllacea Sm.",0.5,2,2,0,0.5,0.5,2,"all"
"Orthilia secunda (L.) House",0.5,4,4,0,0.5,0.5,4,"all"
"Oxalis acetosella L.",37.5,1,21,1,3,6.66666666666667,21,"all"
"Oxyria digyna (L.) Hill",3,2,8,0,0.5,1.125,8,"all"
"Oxytropis campestris (L.) DC.",15,2,6,0,0.5,5.33333333333333,6,"all"
"Oxytropis jacquinii Bunge",0.5,1,1,0,0.5,0.5,1,"all"
"Pachypleurum mutellinoides (Crantz) Holub",15,2,10,0,0.5,3.65,10,"all"
"Paradisea liliastrum (L.) Bertol.",3,1,1,0,3,3,1,"all"
"Paris quadrifolia L.",3,2,5,0,0.5,1.5,5,"all"
"Parnassia palustris L., 1753",15,3,37,0,0.5,2.55405405405405,37,"all"
"Paronychia polygonifolia (Vill.) DC.",3,1,1,0,3,3,1,"all"
"Pastinaca sativa L.",0.5,4,4,0,0.5,0.5,4,"all"
"Pastinaca sativa L. subsp. urens (Req. ex Godron) Celak.",3,1,2,0,1.75,1.75,2,"all"
"Pedicularis cenisia Gaudin",3,1,6,0,0.5,0.916666666666667,6,"all"
"Pedicularis kerneri Dalla Torre",3,3,8,0,0.5,1.4375,8,"all"
"Pedicularis palustris L., 1753",3,1,4,0,0.5,1.125,4,"all"
"Pedicularis recutita L.",3,3,4,0,3,2.375,4,"all"
"Pedicularis rostratospicata Crantz subsp. helvetica (Steininger) O. Schwarz",0.5,1,1,0,0.5,0.5,1,"all"
"Pedicularis sylvatica L.",3,1,1,0,3,3,1,"all"
"Pedicularis tuberosa L.",0.5,1,1,0,0.5,0.5,1,"all"
"Pedicularis verticillata L.",15,1,13,0,0.5,2,13,"all"
"Petasites albus (L.) Gaertner",37.5,2,8,2,9,14,8,"all"
"Petasites hybridus (L.) P.Gaertn., B.Mey. & Scherb. , 1801",62.5,2,3,3,62.5,54.1666666666667,3,"all"
"Petasites paradoxus (Retz.) Baumg.",37.5,1,10,1,0.5,7.35,10,"all"
"Petrorhagia prolifera (L.) P.W. Ball & Heywood",3,1,7,0,0.5,0.857142857142857,7,"all"
"Petrorhagia saxifraga (L.) Link subsp. saxifraga",15,3,16,0,1.75,4,16,"all"
"Peucedanum ostruthium (L.) Koch",37.5,1,1,1,37.5,37.5,1,"all"
"Phegopteris connectilis (Michaux) Watt",3,1,3,0,0.5,1.33333333333333,3,"all"
"Phleum alpinum L.",62.5,1,10,1,1.75,7.7,10,"all"
"Phleum alpinum L. subsp. alpinum",15,2,21,0,0.5,2.47619047619048,21,"all"
"Phleum alpinum L. subsp. rhaeticum Humphries",37.5,4,19,4,3,12.2631578947368,19,"all"
"Phleum phleoides (L.) Karsten",37.5,1,17,1,3,6,17,"all"
"Phleum pratense L.",3,3,10,0,0.5,1.25,10,"all"
"Phleum pratense L. subsp. pratense",37.5,2,12,2,9,12.125,12,"all"
"Phragmites australis (Cav.) Steudel",15,1,5,0,0.5,3.9,5,"all"
"Phragmites chrysantha Mabille (b.)",0.5,1,1,0,0.5,0.5,1,"all"
"Phyteuma betonicifolium Vill.",3,6,23,0,0.5,1.15217391304348,23,"all"
"Phyteuma hemisphaericum L.",3,6,32,0,0.5,0.96875,33,"all"
"Phyteuma michelii All.",0.5,1,1,0,0.5,0.5,1,"all"
"Phyteuma orbiculare L.",0.5,3,3,0,0.5,0.5,3,"all"
"Phyteuma ovatum Honckeny",0.5,1,1,0,0.5,0.5,1,"all"
"Phyteuma spicatum L.",3,2,21,0,0.5,0.738095238095238,21,"all"
"Picea abies (L.) Karsten",62.5,5,82,20,3,14.109756097561,82,"all"
"Picris hieracioides L.",3,4,16,0,0.5,1.125,16,"all"
"Pilosella lactucella subsp. lactucella",15,1,15,0,0.5,1.96666666666667,15,"all"
"Pilosella officinarum F.W.Schultz & Sch.Bip., 1862",15,2,55,0,0.5,1.43636363636364,55,"all"
"Pilosella peleteriana subsp. peleteriana",3,6,14,0,0.5,1.57142857142857,14,"all"
"Pilosella piloselloides subsp. praealta (Gochnat) S.Br.ut. & Greuter, 2007",0.5,1,1,0,0.5,0.5,1,"all"
"Pilosella piloselloides (Vill.) Soj.k, 1971",0.5,2,2,0,0.5,0.5,3,"all"
"Pimpinella major (L.) Hudson",3,3,10,0,0.5,1.25,10,"all"
"Pimpinella saxifraga L.",15,1,17,0,0.5,1.94117647058824,17,"all"
"Pinguicula alpina L.",3,6,12,0,1.75,1.75,12,"all"
"Pinguicula leptoceras Reichenb.",3,2,2,0,3,3,2,"all"
"Pinguicula vulgaris L.",15,1,24,0,0.5,1.72916666666667,24,"all"
"Pinus mugo subsp. uncinata (Ramond ex DC.) Domin, 1936",3,1,2,0,1.75,1.75,2,"all"
"Pinus sylvestris L.",62.5,2,5,4,37.5,40.1,5,"all"
"Plantago alpina L.",37.5,1,64,1,3,4.203125,65,"all"
"Plantago atrata Hoppe subsp. atrata",3,2,13,0,0.5,0.884615384615385,13,"all"
"Plantago lanceolata L.",15,7,89,0,0.5,2.31460674157303,90,"all"
"Plantago major L.",37.5,3,15,3,3,11.3,15,"all"
"Plantago major L. subsp. major",37.5,2,13,2,3,9.38461538461539,13,"all"
"Plantago maritima L. subsp. serpentina (All.) Arcangeli",15,1,12,0,0.5,2.125,12,"all"
"Plantago media L.",37.5,1,23,1,0.5,2.84782608695652,23,"all"
"Plantago serpentina All. (b.)",3,2,4,0,1.75,1.75,4,"all"
"Platanthera bifolia (L.) L.C.M. Richard",0.5,4,4,0,0.5,0.5,4,"all"
"Poa alpina L.",62.5,2,91,6,0.5,6.14285714285714,91,"all"
"Poa angustifolia L.",0.5,5,5,0,0.5,0.5,5,"all"
"Poa annua L.",37.5,1,10,1,1.75,7.6,10,"all"
"Poa bulbosa L.",15,1,7,0,0.5,2.57142857142857,7,"all"
"Poa cenisia All.",0.5,1,1,0,0.5,0.5,1,"all"
"Poa chaixii Vill. in Gilib.",15,1,7,0,3,3.64285714285714,7,"all"
"Poa compressa L.",0.5,1,1,0,0.5,0.5,1,"all"
"Poa laxa Haenke",15,1,9,0,0.5,2.94444444444444,9,"all"
"Poa minor Gaudin",0.5,2,2,0,0.5,0.5,2,"all"
"Poa nemoralis L.",37.5,1,24,1,0.5,3.375,24,"all"
"Poa nemoralis L. var. glaucantha Gaudin",NA,NA,NA,NA,NA,NA,1,"all"
"Poa pratensis L.",37.5,2,34,2,3,6.54411764705882,35,"all"
"Poa supina Schrader",62.5,1,7,1,0.5,13.5,7,"all"
"Poa trivialis L.",15,1,13,0,3,2.76923076923077,13,"all"
"Polygala alpestris Reichenb.",3,2,10,0,0.5,1,10,"all"
"Polygala alpina (DC.) Steudel",0.5,1,1,0,0.5,0.5,1,"all"
"Polygala chamaebuxus L.",3,1,4,0,0.5,1.125,4,"all"
"Polygala comosa Schkuhr",0.5,3,3,0,0.5,0.5,3,"all"
"Polygala serpyllifolia J.A.C. Hose",3,1,2,0,1.75,1.75,2,"all"
"Polygala vulgaris L.",3,1,16,0,0.5,0.65625,16,"all"
"Polygonatum multiflorum (L.) All.",0.5,1,1,0,0.5,0.5,1,"all"
"Polygonatum verticillatum (L.) All.",3,2,4,0,1.75,1.75,4,"all"
"Polygonum aviculare L.",37.5,1,6,1,1.75,7.5,6,"all"
"Polygonum aviculare L. subsp. aviculare",15,1,1,0,15,15,1,"all"
"Polygonum bistorta L.",37.5,2,32,2,3,6.6875,32,"all"
"Polygonum persicaria L.",0.5,2,2,0,0.5,0.5,2,"all"
"Polygonum viviparum L.",15,1,58,0,0.5,1.69827586206897,58,"all"
"Polypodium vulgare L.",3,1,4,0,0.5,1.125,4,"all"
"Polystichum aculeatum (L.) Roth",3,3,6,0,1.75,1.75,6,"all"
"Polystichum lonchitis (L.) Roth",3,1,6,0,0.5,0.916666666666667,6,"all"
"Populus nigra L.",0.5,1,1,0,0.5,0.5,1,"all"
"Populus tremula L.",15,1,11,0,0.5,2.72727272727273,11,"all"
"Potamogeton alpinus Balbis",37.5,1,1,1,37.5,37.5,1,"all"
"Potentilla argentea groupe",3,1,4,0,0.5,1.125,5,"all"
"Potentilla argentea L.",3,2,13,0,0.5,0.884615384615385,13,"all"
"Potentilla aurea L.",37.5,1,44,1,0.5,2.125,44,"all"
"Potentilla crantzii (Crantz) G. Beck ex Fritsch",3,1,4,0,0.5,1.125,4,"all"
"Potentilla erecta (L.) R.uschel",37.5,5,134,5,0.5,5.4365671641791,134,"all"
"Potentilla grandiflora L.",15,1,14,0,0.5,1.53571428571429,14,"all"
"Potentilla inclinata Vill.",0.5,1,1,0,0.5,0.5,1,"all"
"Potentilla neumanniana Reichenb.",15,1,25,0,0.5,1.78,25,"all"
"Potentilla palustris (L.) Scop.",37.5,2,14,2,3,10.6428571428571,14,"all"
"Potentilla pusilla Host",15,1,3,0,0.5,5.33333333333333,3,"all"
"Potentilla recta L.",0.5,2,2,0,0.5,0.5,2,"all"
"Potentilla reptans L.",3,1,5,0,0.5,1,5,"all"
"Potentilla rupestris L.",3,2,4,0,1.75,1.75,4,"all"
"Potentilla thuringiaca Bernh. ex Link",0.5,1,1,0,0.5,0.5,1,"all"
"Prenanthes purpurea L.",15,1,20,0,0.5,1.85,20,"all"
"Primula farinosa L.",15,1,27,0,0.5,1.77777777777778,27,"all"
"Primula hirsuta All.",3,5,12,0,0.5,1.54166666666667,12,"all"
"Primula pedemontana E.Thomas ex Gaudin, 1828",3,1,2,0,1.75,1.75,2,"all"
"Primula veris L.",3,3,14,0,0.5,1.03571428571429,14,"all"
"Primula vulgaris Hudson subsp. vulgaris",0.5,1,1,0,0.5,0.5,1,"all"
"Pritzelago alpina (L.) O. Kuntze",3,1,1,0,3,3,1,"all"
"Pritzelago alpina (L.) O. Kuntze subsp. alpina",0.5,2,2,0,0.5,0.5,2,"all"
"Prunella grandiflora (L.) Scholler",15,1,16,0,0.5,1.875,16,"all"
"Prunella vulgaris L.",15,2,33,0,0.5,1.45454545454545,33,"all"
"Prunus avium L.",0.5,5,5,0,0.5,0.5,5,"all"
"Prunus laurocerasus L.",0.5,1,1,0,0.5,0.5,1,"all"
"Prunus mahaleb L.",0.5,1,1,0,0.5,0.5,1,"all"
"Prunus spinosa L.",15,1,11,0,0.5,1.81818181818182,11,"all"
"Pseudorchis albida (L.) 'A. & D. L.ve",0.5,17,17,0,0.5,0.5,17,"all"
"Pteridium aquilinum (L.) Kuhn",15,1,2,0,7.75,7.75,2,"all"
"Pteroselinum austriacum (Jacq.) Reichb.",15,1,2,0,7.75,7.75,2,"all"
"Pulicaria dysenterica (L.) Bernh.",3,1,1,0,3,3,1,"all"
"Pulmonaria montana Lej.",0.5,1,1,0,0.5,0.5,1,"all"
"Pulsatilla alpina (L.) Delarbre",3,1,12,0,0.5,0.708333333333333,12,"all"
"Pulsatilla vernalis (L.) Miller",3,1,9,0,0.5,0.777777777777778,9,"all"
"Pyrola rotundifolia L. subsp. rotundifolia",0.5,1,1,0,0.5,0.5,1,"all"
"Pyrus communis L.",0.5,1,1,0,0.5,0.5,1,"all"
"Quercus petraea (Mattuschka) Liebl.",62.5,1,9,2,15,16.6111111111111,9,"all"
"Quercus robur L.",37.5,1,2,1,20.25,20.25,2,"all"
"Ranunculus aconitifolius L.",62.5,1,25,2,3,7.96,25,"all"
"Ranunculus acris L.",15,1,8,0,0.5,2.9375,8,"all"
"Ranunculus acris L. subsp. friesianus (Jordan) Syme",3,5,19,0,0.5,1.15789473684211,19,"all"
"Ranunculus alpestris L.",15,1,2,0,9,9,2,"all"
"Ranunculus bulbosus L.",3,2,27,0,0.5,0.685185185185185,27,"all"
"Ranunculus glacialis L.",15,1,9,0,3,3.5,9,"all"
"Ranunculus kuepferi Greuter & Burdet",37.5,1,3,1,0.5,12.8333333333333,3,"all"
"Ranunculus montanus groupe",3,1,4,0,0.5,1.125,4,"all"
"Ranunculus montanus Willd.",15,1,6,0,0.5,2.91666666666667,6,"all"
"Ranunculus repens L.",15,2,6,0,3,6.58333333333333,6,"all"
"Ranunculus sartorianus Boiss. & Heldr.",15,1,25,0,0.5,1.58,25,"all"
"Ranunculus tuberosus Lapeyr.",3,8,20,0,0.5,1.5,20,"all"
"Reseda lutea L.",0.5,1,1,0,0.5,0.5,1,"all"
"Reynoutria japonica Houtt.",3,1,1,0,3,3,1,"all"
"Reynoutria x-bohemica Chrtek & Chrtkova",0.5,1,1,0,0.5,0.5,1,"all"
"Rhamnus alpina L.",0.5,1,1,0,0.5,0.5,1,"all"
"Rhinanthus alectorolophus (Scop.) Pollich",62.5,1,31,3,3,9.11290322580645,31,"all"
"Rhinanthus glacialis Personnat",15,1,5,0,0.5,3.9,5,"all"
"Rhinanthus minor L.",3,1,3,0,0.5,1.33333333333333,3,"all"
"Rhododendron ferrugineum L.",62.5,3,27,6,3,14.4814814814815,27,"all"
"Ribes petraeum Wulfen in Jacq.",3,1,2,0,1.75,1.75,2,"all"
"Ribes rubrum L.",3,1,1,0,3,3,1,"all"
"Roegneria canina (L.) Nevski",15,1,6,0,0.5,2.91666666666667,6,"all"
"Rorippa islandica (Oeder ex Gunn.) Borb.s",3,2,2,0,3,3,2,"all"
"Rosa arvensis Hudson",0.5,7,7,0,0.5,0.5,7,"all"
"Rosa canina L.",0.5,14,14,0,0.5,0.5,14,"all"
"Rosa corymbifera Borckh.",0.5,1,1,0,0.5,0.5,1,"all"
"Rosa obtusifolia Desv.",0.5,1,1,0,0.5,0.5,1,"all"
"Rosa pendulina L.",0.5,4,4,0,0.5,0.5,4,"all"
"Rosa pimpinellifolia L.",0.5,1,1,0,0.5,0.5,1,"all"
"Rosa rubiginosa L.",0.5,2,2,0,0.5,0.5,2,"all"
"Rosa vosagiaca Desportes",0.5,1,1,0,0.5,0.5,1,"all"
"Rubus caesius L.",15,3,6,0,9,9,6,"all"
"Rubus fruticosus groupe",62.5,1,4,1,7.75,19.625,4,"all"
"Rubus hirtus Waldst. & Kit.",3,1,2,0,1.75,1.75,2,"all"
"Rubus idaeus L.",37.5,1,32,1,0.5,4.546875,32,"all"
"Rubus impolitus Sudre gr. R. koehleri",0.5,1,1,0,0.5,0.5,1,"all"
"Rubus saxatilis L.",15,1,4,0,0.5,4.125,4,"all"
"Rubus ulmifolius Schott",0.5,1,1,0,0.5,0.5,1,"all"
"Rumex acetosa L.",3,5,40,0,0.5,0.8125,40,"all"
"Rumex acetosella L.",0.5,4,4,0,0.5,0.5,4,"all"
"Rumex arifolius All.",15,3,19,0,3,3.71052631578947,19,"all"
"Rumex conglomeratus Murray",0.5,1,1,0,0.5,0.5,1,"all"
"Rumex crispus L.",3,2,3,0,3,2.16666666666667,3,"all"
"Rumex obtusifolius L.",37.5,2,15,2,0.5,6.56666666666667,15,"all"
"Rumex patientia L.",0.5,1,1,0,0.5,0.5,1,"all"
"Rumex pseudalpinus H.fft",62.5,3,17,4,3,15.9117647058824,17,"all"
"Rumex scutatus L.",15,1,16,0,0.5,1.875,17,"all"
"Sagina glabra (Willd.) Fenzl",0.5,8,8,0,0.5,0.5,8,"all"
"Sagina procumbens L.",0.5,1,1,0,0.5,0.5,1,"all"
"Sagina saginoides (L.) Karsten subsp. saginoides",3,1,3,0,0.5,1.33333333333333,3,"all"
"Salix appendiculata Vill.",15,1,9,0,3,3.5,9,"all"
"Salix aurita L.",0.5,2,2,0,0.5,0.5,2,"all"
"Salix breviserrata B. Flod.",0.5,1,1,0,0.5,0.5,1,"all"
"Salix caprea L.",15,2,9,0,0.5,3.72222222222222,9,"all"
"Salix cinerea L.",15,1,3,0,3,6.16666666666667,3,"all"
"Salix daphnoides Vill.",3,1,1,0,3,3,1,"all"
"Salix elaeagnos Scop. subsp. angustifolia (Cariot) Rech. fil.",0.5,2,2,0,0.5,0.5,2,"all"
"Salix foetida Schleicher ex DC.",15,4,11,0,3,6.68181818181818,11,"all"
"Salix hastata L.",15,1,3,0,0.5,5.33333333333333,3,"all"
"Salix herbacea L.",62.5,1,23,5,0.5,11.8478260869565,23,"all"
"Salix laggeri Wimmer",3,1,3,0,0.5,1.33333333333333,3,"all"
"Salix myrsinifolia Salisb.",15,3,9,0,3,5.88888888888889,9,"all"
"Salix pentandra L.",15,1,2,0,7.75,7.75,2,"all"
"Salix purpurea L.",3,1,5,0,0.5,1,5,"all"
"Salix reticulata L.",37.5,1,8,1,3,9.6875,8,"all"
"Salix retusa L.",15,4,10,0,1.75,6.55,10,"all"
"Salix serpyllifolia Scop. 4",37.5,3,15,3,3,11.8,15,"all"
"Salix triandra L. emend. Ser.",0.5,1,1,0,0.5,0.5,1,"all"
"Salvia glutinosa L.",15,1,4,0,1.75,4.75,4,"all"
"Salvia pratensis L.",37.5,3,47,3,3,9,48,"all"
"Sambucus ebulus L.",3,1,1,0,3,3,1,"all"
"Sambucus nigra L.",0.5,3,3,0,0.5,0.5,3,"all"
"Sambucus racemosa L.",3,1,4,0,0.5,1.125,4,"all"
"Sanguisorba minor Scop.",15,1,49,0,0.5,1.35714285714286,49,"all"
"Sanguisorba officinalis L.",15,1,3,0,3,6.16666666666667,3,"all"
"Sanicula europaea L.",0.5,1,1,0,0.5,0.5,1,"all"
"Saponaria ocymoides L.",3,2,12,0,0.5,0.916666666666667,12,"all"
"Satureja alpina (L.) Scheele",0.5,2,2,0,0.5,0.5,2,"all"
"Saxifraga aizoides L.",37.5,3,28,3,0.5,5.94642857142857,28,"all"
"Saxifraga androsacea L.",0.5,2,2,0,0.5,0.5,2,"all"
"Saxifraga aspera L.",0.5,4,4,0,0.5,0.5,4,"all"
"Saxifraga biflora All., 1773",3,1,3,0,0.5,1.33333333333333,3,"all"
"Saxifraga bryoides L.",3,2,17,0,0.5,0.794117647058823,17,"all"
"Saxifraga cuneifolia L. subsp. robusta D.A. Webb",15,1,6,0,1.75,3.75,6,"all"
"Saxifraga diapensioides Bellardi",3,1,2,0,1.75,1.75,2,"all"
"Saxifraga exarata Vill.",0.5,9,9,0,0.5,0.5,9,"all"
"Saxifraga exarata Vill. subsp. moschata (Wulfen) Cavillier in Burnat",0.5,3,3,0,0.5,0.5,3,"all"
"Saxifraga muscoides All.",0.5,1,1,0,0.5,0.5,1,"all"
"Saxifraga oppositifolia L.",15,2,13,0,0.5,3.30769230769231,13,"all"
"Saxifraga paniculata Miller",3,2,15,0,0.5,0.833333333333333,15,"all"
"Saxifraga rotundifolia L.",15,3,14,0,0.5,4.14285714285714,14,"all"
"Saxifraga seguieri Sprengel",0.5,1,1,0,0.5,0.5,1,"all"
"Saxifraga stellaris L. subsp. robusta (Engler) Gremli",15,1,28,0,0.5,1.82142857142857,28,"all"
"Scabiosa columbaria L.",3,13,34,0,0.5,1.45588235294118,34,"all"
"Scabiosa lucida Vill.",3,6,15,0,0.5,1.5,15,"all"
"Scirpus sylvaticus L.",0.5,2,2,0,0.5,0.5,2,"all"
"Scleranthus perennis L. subsp. perennis",15,1,4,0,0.5,4.125,4,"all"
"Scorzonera laciniata L.",0.5,1,1,0,0.5,0.5,1,"all"
"Scrophularia nodosa L.",0.5,4,4,0,0.5,0.5,4,"all"
"Scutellaria alpina L.",0.5,1,1,0,0.5,0.5,1,"all"
"Securigera varia (L.) P. Lassen",15,4,13,0,3,5.53846153846154,14,"all"
"Sedum acre L.",3,1,2,0,1.75,1.75,2,"all"
"Sedum album L.",15,2,13,0,0.5,2.92307692307692,13,"all"
"Sedum alpestre Vill.",15,1,22,0,0.5,1.27272727272727,22,"all"
"Sedum anacampseros L.",0.5,7,7,0,0.5,0.5,7,"all"
"Sedum annuum L.",0.5,1,1,0,0.5,0.5,2,"all"
"Sedum dasyphyllum L.",3,1,3,0,0.5,1.33333333333333,3,"all"
"Sedum montanum Perrier & Song.",3,1,6,0,0.5,0.916666666666667,7,"all"
"Sedum rupestre L.",15,1,12,0,0.5,1.70833333333333,12,"all"
"Sedum sexangulare L.",15,1,15,0,0.5,2.46666666666667,15,"all"
"Sedum telephium L.",0.5,1,1,0,0.5,0.5,1,"all"
"Sedum telephium L. subsp. maximum (L.) Rouy & Camus [1901]",0.5,3,3,0,0.5,0.5,3,"all"
"Selaginella selaginoides (L.) C.F. Martius",3,3,26,0,0.5,0.788461538461538,26,"all"
"Sempervivum arachnoideum L.",15,1,5,0,0.5,3.9,5,"all"
"Sempervivum montanum L.",15,1,29,0,0.5,1.43103448275862,29,"all"
"Sempervivum tectorum L.",3,1,6,0,0.5,0.916666666666667,6,"all"
"Sempervivum tectorum L. subsp. alpinum (Griseb. & Schenk) Arcangeli [1894]",0.5,2,2,0,0.5,0.5,2,"all"
"Senecio doronicum (L.) L.",15,1,14,0,0.5,1.71428571428571,14,"all"
"Senecio erucifolius L.",0.5,1,1,0,0.5,0.5,1,"all"
"Senecio hercynicus J. Herborg",0.5,1,1,0,0.5,0.5,1,"all"
"Senecio inaequidens DC.",3,1,1,0,3,3,1,"all"
"Senecio incanus L.",15,1,19,0,0.5,1.78947368421053,19,"all"
"Senecio jacobaea L.",3,1,1,0,3,3,1,"all"
"Senecio ovatus (G. Gaertner, B. Meyer & Scherb.) Will subsp. alpestris (Gaudin) J. Herborg",3,2,3,0,3,2.16666666666667,3,"all"
"Senecio viscosus L.",0.5,1,1,0,0.5,0.5,2,"all"
"Seseli annuum L. subsp. carvifolium (Vill.) P. Fourn.",0.5,1,1,0,0.5,0.5,1,"all"
"Sesleria caerulea (L.) Ard., non sensu 4",37.5,2,21,2,3,7.40476190476191,21,"all"
"Setaria pumila (Poiret) Roemer & Schultes",3,2,3,0,3,2.16666666666667,3,"all"
"Setaria viridis (L.) P. Beauv. subsp. viridis",0.5,2,2,0,0.5,0.5,2,"all"
"Sibbaldia procumbens L.",37.5,1,16,1,0.5,2.96875,16,"all"
"Silaum silaus (L.) Schinz & Thell.",3,1,2,0,1.75,1.75,2,"all"
"Silene acaulis (L.) Jacq.",0.5,12,12,0,0.5,0.5,12,"all"
"Silene acaulis (L.) Jacq. subsp. bryoides (Jordan) Nyman",0.5,2,2,0,0.5,0.5,2,"all"
"Silene acaulis (L.) Jacq. subsp. exscapa (All.) Killias [1888]",3,1,1,0,3,3,1,"all"
"Silene dioica (L.) Clairv.",3,1,7,0,0.5,0.857142857142857,7,"all"
"Silene flos-cuculi (L.) Greuter & Burdet",3,1,4,0,0.5,1.125,4,"all"
"Silene latifolia Poiret",3,1,5,0,0.5,1,5,"all"
"Silene nutans L. subsp. nutans",3,2,35,0,0.5,0.642857142857143,35,"all"
"Silene otites (L.) Wibel",3,4,18,0,0.5,1.05555555555556,19,"all"
"Silene rupestris L.",3,2,32,0,0.5,0.65625,33,"all"
"Silene vulgaris (Moench) Garcke",3,1,5,0,0.5,1,5,"all"
"Silene vulgaris (Moench) Garcke subsp. vulgaris",15,2,60,0,0.5,1.48333333333333,60,"all"
"Sisymbrium officinale (L.) Scop.",3,1,1,0,3,3,1,"all"
"Sisymbrium strictissimum L.",37.5,1,1,1,37.5,37.5,1,"all"
"Soldanella alpina L.",15,2,33,0,0.5,2.06060606060606,33,"all"
"Solidago gigantea Aiton",3,1,2,0,1.75,1.75,2,"all"
"Solidago virgaurea L.",3,1,3,0,0.5,1.33333333333333,4,"all"
"Solidago virgaurea L. subsp. alpestris (Waldst. & Kit. ex Walld.) Gremli",0.5,9,9,0,0.5,0.5,9,"all"
"Solidago virgaurea L. subsp. virgaurea",3,1,15,0,0.5,0.666666666666667,15,"all"
"Sonchus oleraceus L.",0.5,2,2,0,0.5,0.5,2,"all"
"Sorbus aria (L.) Crantz",3,2,4,0,1.75,1.75,4,"all"
"Sorbus aucuparia L.",15,2,31,0,0.5,1.75806451612903,31,"all"
"Sorbus chamaemespilus (L.) Crantz",0.5,2,2,0,0.5,0.5,2,"all"
"Sorbus mougeotii Soyer-Willemet & Godron",0.5,8,8,0,0.5,0.5,8,"all"
"Sparganium angustifolium Michaux",87.5,1,3,3,62.5,70.8333333333333,3,"all"
"Spergularia rubra (L.) J. & C. Presl",3,1,2,0,1.75,1.75,2,"all"
"Stachys alpina L.",0.5,1,1,0,0.5,0.5,1,"all"
"Stachys officinalis (L.) Tr.visan",15,1,19,0,0.5,1.65789473684211,19,"all"
"Stachys pradica (Zanted.) Greuter & Pignatti",0.5,5,5,0,0.5,0.5,5,"all"
"Stachys recta L.",3,4,45,0,0.5,0.722222222222222,46,"all"
"Stachys sylvatica L.",3,2,5,0,0.5,1.5,5,"all"
"Stellaria graminea L.",15,1,13,0,0.5,2.38461538461538,13,"all"
"Stellaria media (L.) Vill.",15,1,3,0,0.5,5.33333333333333,3,"all"
"Stellaria nemorum L.",37.5,2,7,2,15,15.9285714285714,7,"all"
"Stellaria nemorum L. subsp. montana (Pierrat) Berher",15,1,2,0,9,9,2,"all"
"Stipa capillata L.",15,2,3,0,15,11,3,"all"
"Stipa eriocaulis Borb.s subsp. eriocaulis",3,1,2,0,1.75,1.75,2,"all"
"Streptopus amplexifolius (L.) DC.",3,1,3,0,0.5,1.33333333333333,3,"all"
"Succisa pratensis Moench",0.5,2,2,0,0.5,0.5,2,"all"
"Swertia perennis L.",15,1,2,0,9,9,2,"all"
"Symphytum officinale L.",0.5,1,1,0,0.5,0.5,1,"all"
"Tamus communis L.",0.5,1,1,0,0.5,0.5,1,"all"
"Taraxacum officinale groupe",62.5,1,25,1,0.5,4.84,25,"all"
"Taraxacum schroeterianum Hand.-Mazz.",0.5,1,1,0,0.5,0.5,1,"all"
"Taxus baccata L.",15,1,1,0,15,15,1,"all"
"Teucrium chamaedrys L.",37.5,2,34,2,3,6.19117647058824,35,"all"
"Teucrium montanum L.",3,1,6,0,0.5,0.916666666666667,6,"all"
"Teucrium scorodonia L.",3,2,5,0,0.5,1.5,6,"all"
"Thalictrum aquilegiifolium L., 1753",0.5,5,5,0,0.5,0.5,5,"all"
"Thalictrum minus L. subsp. saxatile Cesati",3,3,6,0,1.75,1.75,6,"all"
"Thesium alpinum L.",0.5,15,15,0,0.5,0.5,15,"all"
"Thesium pyrenaicum Pourret",3,1,8,0,0.5,0.8125,8,"all"
"Thlaspi arvense L.",0.5,3,3,0,0.5,0.5,3,"all"
"Thymus pulegioides L.",15,4,32,0,0.5,2.78125,33,"all"
"Thymus pulegioides L. subsp. pannonicus (All.) Kergu.len",0.5,2,2,0,0.5,0.5,2,"all"
"Thymus serpyllum groupe",15,6,38,0,0.5,3.38157894736842,39,"all"
"Tilia cordata Miller",3,2,3,0,3,2.16666666666667,3,"all"
"Tilia platyphyllos Scop.",3,1,2,0,1.75,1.75,2,"all"
"Tofieldia calyculata (L.) Wahlenb.",15,1,23,0,0.5,2.10869565217391,23,"all"
"Tofieldia pusilla (Michx.) Pers., 1805",0.5,2,2,0,0.5,0.5,2,"all"
"Tolpis staticifolia (All.) Schultz Bip.",37.5,1,10,1,0.5,6.15,10,"all"
"Torilis arvensis (Hudson) Link subsp. arvensis",0.5,3,3,0,0.5,0.5,3,"all"
"Tragopogon dubius Scop.",0.5,1,1,0,0.5,0.5,1,"all"
"Tragopogon pratensis L.",3,4,11,0,0.5,1.40909090909091,11,"all"
"Tragopogon pratensis L. subsp. orientalis (L.) Celak.",3,5,33,0,0.5,0.878787878787879,33,"all"
"Traunsteinera globosa (L.) Reichenb.",0.5,2,2,0,0.5,0.5,2,"all"
"Trichophorum cespitosum (L.) Hartman subsp. cespitosum",87.5,1,36,16,15,25.3611111111111,36,"all"
"Trichophorum pumilum (Vahl) Schinz & Thell.",37.5,1,4,1,7.75,13.375,4,"all"
"Trientalis europaea L.",15,1,3,0,3,7,3,"all"
"Trifolium alpestre L.",0.5,4,4,0,0.5,0.5,4,"all"
"Trifolium alpinum L.",37.5,5,50,5,1.75,7.12,50,"all"
"Trifolium arvense L.",15,2,15,0,0.5,2.93333333333333,15,"all"
"Trifolium aureum Pollich",15,2,16,0,0.5,2.3125,16,"all"
"Trifolium badium Schreber",15,3,39,0,0.5,2.06410256410256,39,"all"
"Trifolium campestre Schreber",15,2,14,0,0.5,3.10714285714286,14,"all"
"Trifolium hybridum L.",15,1,3,0,0.5,5.33333333333333,3,"all"
"Trifolium medium L.",15,1,6,0,0.5,3.33333333333333,6,"all"
"Trifolium montanum L.",15,4,40,0,0.5,2.5125,40,"all"
"Trifolium ochroleucon Hudson",0.5,2,2,0,0.5,0.5,2,"all"
"Trifolium pallescens Schreber",15,1,11,0,0.5,2.04545454545455,11,"all"
"Trifolium patens Schreber",0.5,1,1,0,0.5,0.5,1,"all"
"Trifolium pratense L.",37.5,1,126,1,3,4.54365079365079,127,"all"
"Trifolium pratense L. subsp. nivale (Koch) Cesati [1844]",0.5,1,1,0,0.5,0.5,1,"all"
"Trifolium repens L.",37.5,2,76,2,0.5,4.67763157894737,77,"all"
"Trifolium rubens L.",0.5,2,2,0,0.5,0.5,2,"all"
"Trifolium spadiceum L.",0.5,1,1,0,0.5,0.5,1,"all"
"Trifolium thalii Vill.",15,1,7,0,0.5,2.92857142857143,7,"all"
"Triglochin palustre L.",15,1,5,0,0.5,3.4,5,"all"
"Trisetum distichophyllum (Vill.) P. Beauv. ex Roemer &",3,1,3,0,0.5,1.33333333333333,3,"all"
"Trisetum flavescens (L.) P. Beauv. subsp. flavescens",37.5,8,69,8,3,8.77536231884058,69,"all"
"Trisetum spicatum (L.) K. Richter subsp. ovatipaniculatum Hult.n ex Jonsell",0.5,1,1,0,0.5,0.5,1,"all"
"Trollius europaeus L.",15,5,31,0,0.5,3.32258064516129,31,"all"
"Tussilago farfara L.",3,5,16,0,0.5,1.28125,16,"all"
"Ulmus glabra Hudson",3,2,5,0,0.5,1.5,5,"all"
"Ulmus minor Miller",0.5,2,2,0,0.5,0.5,2,"all"
"Urtica dioica L.",37.5,3,26,3,1.75,7.11538461538461,26,"all"
"Utricularia minor L.",0.5,1,1,0,0.5,0.5,1,"all"
"Vaccinium microcarpum (Turcz. ex Rupr.) Schmalh.",3,2,3,0,3,2.16666666666667,3,"all"
"Vaccinium myrtillus L.",87.5,2,94,19,3,15.1968085106383,94,"all"
"Vaccinium uliginosum L.",37.5,1,14,1,3,7.5,14,"all"
"Vaccinium uliginosum L. subsp. microphyllum (Lange) Tolm.",62.5,2,46,6,3,11.3260869565217,46,"all"
"Vaccinium uliginosum L. subsp. uliginosum",37.5,6,20,6,9,15.25,20,"all"
"Vaccinium vitis-idaea L., 1753",37.5,2,31,2,0.5,5.40322580645161,31,"all"
"Valeriana dioica L.",15,3,23,0,3,3.3695652173913,23,"all"
"Valeriana montana L.",3,1,4,0,0.5,1.125,4,"all"
"Valeriana officinalis L.",3,3,24,0,0.5,0.8125,24,"all"
"Valeriana officinalis L. subsp. officinalis",0.5,2,2,0,0.5,0.5,2,"all"
"Valeriana officinalis L. subsp. tenuifolia (Vahl) Sch.bl. & Martens",0.5,2,2,0,0.5,0.5,2,"all"
"Valeriana tripteris L.",3,1,14,0,0.5,0.678571428571429,14,"all"
"Veratrum lobelianum Bernh. in Schrader",15,1,45,0,0.5,1.82222222222222,45,"all"
"Verbascum lychnitis L.",15,1,16,0,0.5,2.03125,17,"all"
"Verbascum nigrum L.",3,1,2,0,1.75,1.75,2,"all"
"Verbascum thapsus L.",0.5,2,2,0,0.5,0.5,2,"all"
"Verbascum thapsus L. subsp. montanum (Schrader) Bonnier & Layens",0.5,4,4,0,0.5,0.5,4,"all"
"Verbena officinalis L.",0.5,6,6,0,0.5,0.5,6,"all"
"Veronica alpina L.",15,1,24,0,0.5,1.3125,24,"all"
"Veronica aphylla L.",3,1,2,0,1.75,1.75,2,"all"
"Veronica arvensis L.",0.5,15,15,0,0.5,0.5,15,"all"
"Veronica austriaca L. subsp. teucrium (L.) D.A. Webb",0.5,1,1,0,0.5,0.5,1,"all"
"Veronica bellidioides L.",3,4,20,0,0.5,1,20,"all"
"Veronica chamaedrys L.",3,5,34,0,0.5,0.867647058823529,34,"all"
"Veronica fruticans Jacq.",3,3,12,0,0.5,1.125,12,"all"
"Veronica fruticulosa L.",0.5,1,1,0,0.5,0.5,1,"all"
"Veronica montana L.",0.5,1,1,0,0.5,0.5,1,"all"
"Veronica officinalis L.",3,2,25,0,0.5,0.7,25,"all"
"Veronica persica Poiret",3,1,3,0,0.5,1.33333333333333,3,"all"
"Veronica scutellata L., 1753",0.5,1,1,0,0.5,0.5,1,"all"
"Veronica serpyllifolia L.",15,1,2,0,7.75,7.75,2,"all"
"Veronica serpyllifolia L. subsp. humifusa (Dickson) Syme",3,2,3,0,3,2.16666666666667,3,"all"
"Veronica serpyllifolia L. subsp. serpyllifolia",0.5,2,2,0,0.5,0.5,2,"all"
"Veronica spicata L.",3,3,11,0,0.5,1.18181818181818,11,"all"
"Veronica urticifolia Jacq.",3,5,11,0,0.5,1.63636363636364,11,"all"
"Viburnum lantana L.",3,1,1,0,3,3,1,"all"
"Viburnum opulus L.",3,1,2,0,1.75,1.75,2,"all"
"Vicia cracca L.",15,3,27,0,0.5,3.03703703703704,27,"all"
"Vicia hirsuta (L.) S.F. Gray",0.5,5,5,0,0.5,0.5,5,"all"
"Vicia sativa L.",3,1,7,0,0.5,0.857142857142857,7,"all"
"Vicia sativa L. subsp. nigra (L.) Ehrh.",15,1,12,0,0.5,1.70833333333333,12,"all"
"Vicia sativa L. subsp. sativa",0.5,1,1,0,0.5,0.5,1,"all"
"Vicia sepium L.",0.5,11,11,0,0.5,0.5,11,"all"
"Vincetoxicum hirundinaria Medik.",3,3,21,0,0.5,0.857142857142857,22,"all"
"Viola alba Besser",0.5,1,1,0,0.5,0.5,1,"all"
"Viola arvensis Murray",0.5,6,6,0,0.5,0.5,6,"all"
"Viola biflora L.",15,3,23,0,0.5,2.71739130434783,23,"all"
"Viola calcarata L.",3,1,11,0,0.5,0.727272727272727,11,"all"
"Viola canina L.",0.5,1,1,0,0.5,0.5,1,"all"
"Viola canina L. subsp. ruppii (All.) Sch.bl. & Martens",3,2,5,0,0.5,1.5,5,"all"
"Viola hirta L.",0.5,9,9,0,0.5,0.5,9,"all"
"Viola odorata L.",3,1,1,0,3,3,1,"all"
"Viola palustris L.",15,2,28,0,0.5,2.33928571428571,28,"all"
"Viola reichenbachiana Jordan ex Boreau",3,1,2,0,1.75,1.75,2,"all"
"Viola riviniana Reichenb.",0.5,4,4,0,0.5,0.5,4,"all"
"Viola saxatilis F.W. Schmidt",0.5,11,11,0,0.5,0.5,11,"all"
"Viola thomasiana Song. & Perr.",0.5,2,2,0,0.5,0.5,2,"all"
